호선,발생역,발생일자,주원인,부원인,사고내용,조치내용,위험도
인천 1호선,[3134]가상역,2025.05.02,에스컬레이터 넘어짐,[1]인적요인,핸드레일 미지지로 인한 승객 전도,CCTV 확인 및 현장 조치,4
인천 1호선,[3171]가상역,2025.06.23,대합실 바닥 미끄러짐,[2]환경요인,우천 시 유입된 빗물에 의한 미끄러짐,주의 표지판 설치,2
인천 2호선,[3026]가상역,2025.09.15,열차 충돌 사고,[3]기술요인,신호 오작동으로 인한 열차 간 측면 충돌 발생,현장 통제 및 운행 중단,4
인천 1호선,[3242]가상역,2025.03.21,승강장 안전문 끼임,[3]기술요인,PSD 오작동으로 승객 신체 일부 끼임,수동 개방 및 안전 확인,4
인천 2호선,[3262]가상역,2025.01.25,대합실 바닥 미끄러짐,[2]환경요인,우천 시 유입된 빗물에 의한 미끄러짐,주의 표지판 설치,4
인천 1호선,[3115]가상역,2025.01.23,대합실 바닥 미끄러짐,[2]환경요인,우천 시 유입된 빗물에 의한 미끄러짐,주의 표지판 설치,5
인천 2호선,[3253]가상역,2025.11.23,대합실 바닥 미끄러짐,[2]환경요인,우천 시 유입된 빗물에 의한 미끄러짐,주의 표지판 설치,2
인천 1호선,[3147]가상역,2025.05.11,대합실 바닥 미끄러짐,[2]환경요인,우천 시 유입된 빗물에 의한 미끄러짐,주의 표지판 설치,4
인천 1호선,[3071]가상역,2025.06.02,에스컬레이터 넘어짐,[1]인적요인,핸드레일 미지지로 인한 승객 전도,CCTV 확인 및 현장 조치,4
인천 1호선,[3169]가상역,2025.12.10,에스컬레이터 넘어짐,[1]인적요인,핸드레일 미지지로 인한 승객 전도,CCTV 확인 및 현장 조치,5
인천 2호선,[3080]가상역,2025.01.16,대합실 바닥 미끄러짐,[2]환경요인,우천 시 유입된 빗물에 의한 미끄러짐,주의 표지판 설치,3
인천 2호선,[3044]가상역,2025.02.02,에스컬레이터 넘어짐,[1]인적요인,핸드레일 미지지로 인한 승객 전도,CCTV 확인 및 현장 조치,3
인천 2호선,[3273]가상역,2025.07.06,대합실 바닥 미끄러짐,[2]환경요인,우천 시 유입된 빗물에 의한 미끄러짐,주의 표지판 설치,5
인천 1호선,[3172]가상역,2025.06.21,대합실 바닥 미끄러짐,[2]환경요인,우천 시 유입된 빗물에 의한 미끄러짐,주의 표지판 설치,3
인천 2호선,[3281]가상역,2025.06.27,승강장 안전문 끼임,[3]기술요인,PSD 오작동으로 승객 신체 일부 끼임,수동 개방 및 안전 확인,1
인천 1호선,[3214]가상역,2025.10.12,대합실 바닥 미끄러짐,[2]환경요인,우천 시 유입된 빗물에 의한 미끄러짐,주의 표지판 설치,1
인천 2호선,[3280]가상역,2025.12.14,에스컬레이터 넘어짐,[1]인적요인,핸드레일 미지지로 인한 승객 전도,CCTV 확인 및 현장 조치,5
인천 2호선,[3297]가상역,2025.06.06,에스컬레이터 넘어짐,[1]인적요인,핸드레일 미지지로 인한 승객 전도,CCTV 확인 및 현장 조치,5
인천 2호선,[3002]가상역,2025.12.29,대합실 바닥 미끄러짐,[2]환경요인,우천 시 유입된 빗물에 의한 미끄러짐,주의 표지판 설치,3
인천 1호선,[3117]가상역,2025.12.27,대합실 바닥 미끄러짐,[2]환경요인,우천 시 유입된 빗물에 의한 미끄러짐,주의 표지판 설치,2
인천 2호선,[3059]가상역,2025.11.12,승강장 안전문 끼임,[3]기술요인,PSD 오작동으로 승객 신체 일부 끼임,수동 개방 및 안전 확인,2
인천 2호선,[3114]가상역,2025.12.08,대합실 바닥 미끄러짐,[2]환경요인,우천 시 유입된 빗물에 의한 미끄러짐,주의 표지판 설치,1
인천 1호선,[3158]가상역,2025.06.11,승강장 안전문 끼임,[3]기술요인,PSD 오작동으로 승객 신체 일부 끼임,수동 개방 및 안전 확인,2
인천 2호선,[3187]가상역,2025.03.08,에스컬레이터 넘어짐,[1]인적요인,핸드레일 미지지로 인한 승객 전도,CCTV 확인 및 현장 조치,5
인천 1호선,[3250]가상역,2025.11.15,대합실 바닥 미끄러짐,[2]환경요인,우천 시 유입된 빗물에 의한 미끄러짐,주의 표지판 설치,3
인천 2호선,[3203]가상역,2025.06.24,에스컬레이터 넘어짐,[1]인적요인,핸드레일 미지지로 인한 승객 전도,CCTV 확인 및 현장 조치,1
인천 1호선,[3247]가상역,2025.04.09,대합실 바닥 미끄러짐,[2]환경요인,우천 시 유입된 빗물에 의한 미끄러짐,주의 표지판 설치,5
인천 1호선,[3174]가상역,2025.01.02,에스컬레이터 넘어짐,[1]인적요인,핸드레일 미지지로 인한 승객 전도,CCTV 확인 및 현장 조치,3
인천 1호선,[3206]가상역,2025.04.11,에스컬레이터 넘어짐,[1]인적요인,핸드레일 미지지로 인한 승객 전도,CCTV 확인 및 현장 조치,2
인천 2호선,[3294]가상역,2025.08.08,대합실 바닥 미끄러짐,[2]환경요인,우천 시 유입된 빗물에 의한 미끄러짐,주의 표지판 설치,4
인천 1호선,[3023]가상역,2025.08.24,에스컬레이터 넘어짐,[1]인적요인,핸드레일 미지지로 인한 승객 전도,CCTV 확인 및 현장 조치,1
인천 1호선,[3246]가상역,2025.06.07,대합실 바닥 미끄러짐,[2]환경요인,우천 시 유입된 빗물에 의한 미끄러짐,주의 표지판 설치,1
인천 1호선,[3169]가상역,2025.12.28,에스컬레이터 넘어짐,[1]인적요인,핸드레일 미지지로 인한 승객 전도,CCTV 확인 및 현장 조치,2
인천 1호선,[3120]가상역,2025.09.13,에스컬레이터 넘어짐,[1]인적요인,핸드레일 미지지로 인한 승객 전도,CCTV 확인 및 현장 조치,3
인천 2호선,[3295]가상역,2025.09.21,에스컬레이터 넘어짐,[1]인적요인,핸드레일 미지지로 인한 승객 전도,CCTV 확인 및 현장 조치,5
인천 1호선,[3045]가상역,2025.09.22,승강장 안전문 끼임,[3]기술요인,PSD 오작동으로 승객 신체 일부 끼임,수동 개방 및 안전 확인,3
인천 2호선,[3043]가상역,2025.12.04,대합실 바닥 미끄러짐,[2]환경요인,우천 시 유입된 빗물에 의한 미끄러짐,주의 표지판 설치,3
인천 2호선,[3184]가상역,2025.10.27,대합실 바닥 미끄러짐,[2]환경요인,우천 시 유입된 빗물에 의한 미끄러짐,주의 표지판 설치,2
인천 1호선,[3287]가상역,2025.04.22,대합실 바닥 미끄러짐,[2]환경요인,우천 시 유입된 빗물에 의한 미끄러짐,주의 표지판 설치,5
인천 1호선,[3167]가상역,2025.03.06,에스컬레이터 넘어짐,[1]인적요인,핸드레일 미지지로 인한 승객 전도,CCTV 확인 및 현장 조치,2
인천 1호선,[3241]가상역,2025.03.29,대합실 바닥 미끄러짐,[2]환경요인,우천 시 유입된 빗물에 의한 미끄러짐,주의 표지판 설치,5
인천 1호선,[3017]가상역,2025.09.01,에스컬레이터 넘어짐,[1]인적요인,핸드레일 미지지로 인한 승객 전도,CCTV 확인 및 현장 조치,2
인천 1호선,[3222]가상역,2025.11.25,대합실 바닥 미끄러짐,[2]환경요인,우천 시 유입된 빗물에 의한 미끄러짐,주의 표지판 설치,2
인천 2호선,[3216]가상역,2025.02.05,대합실 바닥 미끄러짐,[2]환경요인,우천 시 유입된 빗물에 의한 미끄러짐,주의 표지판 설치,5
인천 2호선,[3183]가상역,2025.04.02,에스컬레이터 넘어짐,[1]인적요인,핸드레일 미지지로 인한 승객 전도,CCTV 확인 및 현장 조치,3
인천 2호선,[3265]가상역,2025.01.09,승강장 안전문 끼임,[3]기술요인,PSD 오작동으로 승객 신체 일부 끼임,수동 개방 및 안전 확인,3
인천 2호선,[3065]가상역,2025.06.01,대합실 바닥 미끄러짐,[2]환경요인,우천 시 유입된 빗물에 의한 미끄러짐,주의 표지판 설치,5
인천 1호선,[3019]가상역,2025.10.24,에스컬레이터 넘어짐,[1]인적요인,핸드레일 미지지로 인한 승객 전도,CCTV 확인 및 현장 조치,2
인천 2호선,[3194]가상역,2025.08.01,에스컬레이터 넘어짐,[1]인적요인,핸드레일 미지지로 인한 승객 전도,CCTV 확인 및 현장 조치,2
인천 1호선,[3007]가상역,2025.09.22,대합실 바닥 미끄러짐,[2]환경요인,우천 시 유입된 빗물에 의한 미끄러짐,주의 표지판 설치,1
인천 2호선,[3116]가상역,2025.08.04,대합실 바닥 미끄러짐,[2]환경요인,우천 시 유입된 빗물에 의한 미끄러짐,주의 표지판 설치,3
인천 1호선,[3099]가상역,2025.07.27,에스컬레이터 넘어짐,[1]인적요인,핸드레일 미지지로 인한 승객 전도,CCTV 확인 및 현장 조치,4
인천 1호선,[3108]가상역,2025.03.24,에스컬레이터 넘어짐,[1]인적요인,핸드레일 미지지로 인한 승객 전도,CCTV 확인 및 현장 조치,2
인천 2호선,[3290]가상역,2025.07.31,에스컬레이터 넘어짐,[1]인적요인,핸드레일 미지지로 인한 승객 전도,CCTV 확인 및 현장 조치,2
인천 2호선,[3262]가상역,2025.12.17,대합실 바닥 미끄러짐,[2]환경요인,우천 시 유입된 빗물에 의한 미끄러짐,주의 표지판 설치,4
인천 1호선,[3058]가상역,2025.02.05,에스컬레이터 넘어짐,[1]인적요인,핸드레일 미지지로 인한 승객 전도,CCTV 확인 및 현장 조치,4
인천 1호선,[3271]가상역,2025.09.25,대합실 바닥 미끄러짐,[2]환경요인,우천 시 유입된 빗물에 의한 미끄러짐,주의 표지판 설치,2
인천 1호선,[3136]가상역,2025.05.08,에스컬레이터 넘어짐,[1]인적요인,핸드레일 미지지로 인한 승객 전도,CCTV 확인 및 현장 조치,4
인천 2호선,[3164]가상역,2025.09.02,에스컬레이터 넘어짐,[1]인적요인,핸드레일 미지지로 인한 승객 전도,CCTV 확인 및 현장 조치,2
인천 2호선,[3024]가상역,2025.10.13,대합실 바닥 미끄러짐,[2]환경요인,우천 시 유입된 빗물에 의한 미끄러짐,주의 표지판 설치,2
인천 2호선,[3009]가상역,2025.10.01,승강장 안전문 끼임,[3]기술요인,PSD 오작동으로 승객 신체 일부 끼임,수동 개방 및 안전 확인,5
인천 1호선,[3028]가상역,2025.04.20,에스컬레이터 넘어짐,[1]인적요인,핸드레일 미지지로 인한 승객 전도,CCTV 확인 및 현장 조치,5
인천 2호선,[3012]가상역,2025.07.31,에스컬레이터 넘어짐,[1]인적요인,핸드레일 미지지로 인한 승객 전도,CCTV 확인 및 현장 조치,4
인천 2호선,[3294]가상역,2025.02.18,대합실 바닥 미끄러짐,[2]환경요인,우천 시 유입된 빗물에 의한 미끄러짐,주의 표지판 설치,2
인천 1호선,[3132]가상역,2025.12.17,에스컬레이터 넘어짐,[1]인적요인,핸드레일 미지지로 인한 승객 전도,CCTV 확인 및 현장 조치,3
인천 1호선,[3290]가상역,2025.07.21,대합실 바닥 미끄러짐,[2]환경요인,우천 시 유입된 빗물에 의한 미끄러짐,주의 표지판 설치,1
인천 2호선,[3041]가상역,2025.12.11,대합실 바닥 미끄러짐,[2]환경요인,우천 시 유입된 빗물에 의한 미끄러짐,주의 표지판 설치,1
인천 1호선,[3211]가상역,2025.12.18,에스컬레이터 넘어짐,[1]인적요인,핸드레일 미지지로 인한 승객 전도,CCTV 확인 및 현장 조치,2
인천 1호선,[3238]가상역,2025.04.05,대합실 바닥 미끄러짐,[2]환경요인,우천 시 유입된 빗물에 의한 미끄러짐,주의 표지판 설치,1
인천 1호선,[3055]가상역,2025.10.12,에스컬레이터 넘어짐,[1]인적요인,핸드레일 미지지로 인한 승객 전도,CCTV 확인 및 현장 조치,2
인천 2호선,[3050]가상역,2025.12.30,에스컬레이터 넘어짐,[1]인적요인,핸드레일 미지지로 인한 승객 전도,CCTV 확인 및 현장 조치,1
인천 1호선,[3019]가상역,2025.11.12,대합실 바닥 미끄러짐,[2]환경요인,우천 시 유입된 빗물에 의한 미끄러짐,주의 표지판 설치,5
인천 1호선,[3235]가상역,2025.08.16,대합실 바닥 미끄러짐,[2]환경요인,우천 시 유입된 빗물에 의한 미끄러짐,주의 표지판 설치,3
인천 1호선,[3097]가상역,2025.07.21,에스컬레이터 넘어짐,[1]인적요인,핸드레일 미지지로 인한 승객 전도,CCTV 확인 및 현장 조치,1
인천 2호선,[3082]가상역,2025.09.29,승강장 안전문 끼임,[3]기술요인,PSD 오작동으로 승객 신체 일부 끼임,수동 개방 및 안전 확인,2
인천 2호선,[3153]가상역,2025.05.04,대합실 바닥 미끄러짐,[2]환경요인,우천 시 유입된 빗물에 의한 미끄러짐,주의 표지판 설치,4
인천 1호선,[3053]가상역,2025.06.08,승강장 안전문 끼임,[3]기술요인,PSD 오작동으로 승객 신체 일부 끼임,수동 개방 및 안전 확인,5
인천 1호선,[3028]가상역,2025.03.06,대합실 바닥 미끄러짐,[2]환경요인,우천 시 유입된 빗물에 의한 미끄러짐,주의 표지판 설치,3
인천 1호선,[3185]가상역,2025.06.11,대합실 바닥 미끄러짐,[2]환경요인,우천 시 유입된 빗물에 의한 미끄러짐,주의 표지판 설치,1
인천 2호선,[3031]가상역,2025.04.19,대합실 바닥 미끄러짐,[2]환경요인,우천 시 유입된 빗물에 의한 미끄러짐,주의 표지판 설치,3
인천 1호선,[3261]가상역,2025.11.28,대합실 바닥 미끄러짐,[2]환경요인,우천 시 유입된 빗물에 의한 미끄러짐,주의 표지판 설치,1
인천 2호선,[3224]가상역,2025.02.06,에스컬레이터 넘어짐,[1]인적요인,핸드레일 미지지로 인한 승객 전도,CCTV 확인 및 현장 조치,3
인천 2호선,[3145]가상역,2025.02.23,승강장 안전문 끼임,[3]기술요인,PSD 오작동으로 승객 신체 일부 끼임,수동 개방 및 안전 확인,4
인천 1호선,[3274]가상역,2025.07.31,에스컬레이터 넘어짐,[1]인적요인,핸드레일 미지지로 인한 승객 전도,CCTV 확인 및 현장 조치,5
인천 2호선,[3030]가상역,2025.02.09,승강장 안전문 끼임,[3]기술요인,PSD 오작동으로 승객 신체 일부 끼임,수동 개방 및 안전 확인,3
인천 2호선,[3252]가상역,2025.11.15,에스컬레이터 넘어짐,[1]인적요인,핸드레일 미지지로 인한 승객 전도,CCTV 확인 및 현장 조치,5
인천 2호선,[3242]가상역,2025.12.17,에스컬레이터 넘어짐,[1]인적요인,핸드레일 미지지로 인한 승객 전도,CCTV 확인 및 현장 조치,3
인천 1호선,[3023]가상역,2025.02.27,대합실 바닥 미끄러짐,[2]환경요인,우천 시 유입된 빗물에 의한 미끄러짐,주의 표지판 설치,1
인천 1호선,[3213]가상역,2025.11.15,승강장 안전문 끼임,[3]기술요인,PSD 오작동으로 승객 신체 일부 끼임,수동 개방 및 안전 확인,1
인천 1호선,[3022]가상역,2025.10.06,대합실 바닥 미끄러짐,[2]환경요인,우천 시 유입된 빗물에 의한 미끄러짐,주의 표지판 설치,1
인천 2호선,[3112]가상역,2025.03.27,에스컬레이터 넘어짐,[1]인적요인,핸드레일 미지지로 인한 승객 전도,CCTV 확인 및 현장 조치,5
인천 2호선,[3109]가상역,2025.07.23,역사 내 대형 화재,[2]환경요인,전기실 단락으로 인한 화재 발생,승객 대피 및 소방서 협조,2
인천 2호선,[3265]가상역,2025.02.22,대합실 바닥 미끄러짐,[2]환경요인,우천 시 유입된 빗물에 의한 미끄러짐,주의 표지판 설치,5
인천 1호선,[3135]가상역,2025.02.04,대합실 바닥 미끄러짐,[2]환경요인,우천 시 유입된 빗물에 의한 미끄러짐,주의 표지판 설치,3
인천 2호선,[3029]가상역,2025.10.06,대합실 바닥 미끄러짐,[2]환경요인,우천 시 유입된 빗물에 의한 미끄러짐,주의 표지판 설치,2
인천 2호선,[3247]가상역,2025.12.10,에스컬레이터 넘어짐,[1]인적요인,핸드레일 미지지로 인한 승객 전도,CCTV 확인 및 현장 조치,3
인천 2호선,[3098]가상역,2025.11.05,승강장 안전문 끼임,[3]기술요인,PSD 오작동으로 승객 신체 일부 끼임,수동 개방 및 안전 확인,5
인천 1호선,[3007]가상역,2025.10.03,대합실 바닥 미끄러짐,[2]환경요인,우천 시 유입된 빗물에 의한 미끄러짐,주의 표지판 설치,1
인천 2호선,[3160]가상역,2025.11.25,대합실 바닥 미끄러짐,[2]환경요인,우천 시 유입된 빗물에 의한 미끄러짐,주의 표지판 설치,5
인천 1호선,[3296]가상역,2025.01.30,대합실 바닥 미끄러짐,[2]환경요인,우천 시 유입된 빗물에 의한 미끄러짐,주의 표지판 설치,1
인천 2호선,[3224]가상역,2025.02.19,대합실 바닥 미끄러짐,[2]환경요인,우천 시 유입된 빗물에 의한 미끄러짐,주의 표지판 설치,2
인천 1호선,[3110]가상역,2025.07.29,에스컬레이터 넘어짐,[1]인적요인,핸드레일 미지지로 인한 승객 전도,CCTV 확인 및 현장 조치,5
인천 2호선,[3027]가상역,2025.11.07,에스컬레이터 넘어짐,[1]인적요인,핸드레일 미지지로 인한 승객 전도,CCTV 확인 및 현장 조치,1
인천 2호선,[3042]가상역,2025.04.10,대합실 바닥 미끄러짐,[2]환경요인,우천 시 유입된 빗물에 의한 미끄러짐,주의 표지판 설치,1
인천 2호선,[3137]가상역,2025.06.04,대합실 바닥 미끄러짐,[2]환경요인,우천 시 유입된 빗물에 의한 미끄러짐,주의 표지판 설치,2
인천 2호선,[3099]가상역,2025.01.29,에스컬레이터 넘어짐,[1]인적요인,핸드레일 미지지로 인한 승객 전도,CCTV 확인 및 현장 조치,4
인천 1호선,[3163]가상역,2025.08.31,에스컬레이터 넘어짐,[1]인적요인,핸드레일 미지지로 인한 승객 전도,CCTV 확인 및 현장 조치,1
인천 2호선,[3227]가상역,2025.07.28,에스컬레이터 넘어짐,[1]인적요인,핸드레일 미지지로 인한 승객 전도,CCTV 확인 및 현장 조치,3
인천 2호선,[3287]가상역,2025.01.04,승강장 안전문 끼임,[3]기술요인,PSD 오작동으로 승객 신체 일부 끼임,수동 개방 및 안전 확인,1
인천 1호선,[3122]가상역,2025.10.26,에스컬레이터 넘어짐,[1]인적요인,핸드레일 미지지로 인한 승객 전도,CCTV 확인 및 현장 조치,2
인천 1호선,[3176]가상역,2025.06.21,대합실 바닥 미끄러짐,[2]환경요인,우천 시 유입된 빗물에 의한 미끄러짐,주의 표지판 설치,5
인천 1호선,[3269]가상역,2025.05.28,에스컬레이터 넘어짐,[1]인적요인,핸드레일 미지지로 인한 승객 전도,CCTV 확인 및 현장 조치,3
인천 2호선,[3090]가상역,2025.03.29,승강장 안전문 끼임,[3]기술요인,PSD 오작동으로 승객 신체 일부 끼임,수동 개방 및 안전 확인,4
인천 1호선,[3257]가상역,2025.03.21,에스컬레이터 넘어짐,[1]인적요인,핸드레일 미지지로 인한 승객 전도,CCTV 확인 및 현장 조치,3
인천 2호선,[3130]가상역,2025.11.21,대합실 바닥 미끄러짐,[2]환경요인,우천 시 유입된 빗물에 의한 미끄러짐,주의 표지판 설치,5
인천 2호선,[3005]가상역,2025.05.05,에스컬레이터 넘어짐,[1]인적요인,핸드레일 미지지로 인한 승객 전도,CCTV 확인 및 현장 조치,4
인천 1호선,[3057]가상역,2025.11.03,대합실 바닥 미끄러짐,[2]환경요인,우천 시 유입된 빗물에 의한 미끄러짐,주의 표지판 설치,5
인천 1호선,[3181]가상역,2025.12.06,에스컬레이터 넘어짐,[1]인적요인,핸드레일 미지지로 인한 승객 전도,CCTV 확인 및 현장 조치,5
인천 2호선,[3209]가상역,2025.08.05,에스컬레이터 넘어짐,[1]인적요인,핸드레일 미지지로 인한 승객 전도,CCTV 확인 및 현장 조치,4
인천 2호선,[3224]가상역,2025.08.09,대합실 바닥 미끄러짐,[2]환경요인,우천 시 유입된 빗물에 의한 미끄러짐,주의 표지판 설치,5
인천 2호선,[3052]가상역,2025.06.05,에스컬레이터 넘어짐,[1]인적요인,핸드레일 미지지로 인한 승객 전도,CCTV 확인 및 현장 조치,3
인천 1호선,[3171]가상역,2025.04.12,에스컬레이터 넘어짐,[1]인적요인,핸드레일 미지지로 인한 승객 전도,CCTV 확인 및 현장 조치,1
인천 2호선,[3242]가상역,2025.12.10,에스컬레이터 넘어짐,[1]인적요인,핸드레일 미지지로 인한 승객 전도,CCTV 확인 및 현장 조치,1
인천 2호선,[3115]가상역,2025.06.29,에스컬레이터 넘어짐,[1]인적요인,핸드레일 미지지로 인한 승객 전도,CCTV 확인 및 현장 조치,4
인천 2호선,[3130]가상역,2025.11.17,대합실 바닥 미끄러짐,[2]환경요인,우천 시 유입된 빗물에 의한 미끄러짐,주의 표지판 설치,2
인천 2호선,[3171]가상역,2025.01.17,대합실 바닥 미끄러짐,[2]환경요인,우천 시 유입된 빗물에 의한 미끄러짐,주의 표지판 설치,1
인천 2호선,[3000]가상역,2025.06.20,에스컬레이터 넘어짐,[1]인적요인,핸드레일 미지지로 인한 승객 전도,CCTV 확인 및 현장 조치,5
인천 1호선,[3162]가상역,2025.04.16,에스컬레이터 넘어짐,[1]인적요인,핸드레일 미지지로 인한 승객 전도,CCTV 확인 및 현장 조치,3
인천 1호선,[3238]가상역,2025.01.09,승강장 안전문 끼임,[3]기술요인,PSD 오작동으로 승객 신체 일부 끼임,수동 개방 및 안전 확인,4
인천 1호선,[3127]가상역,2025.06.04,대합실 바닥 미끄러짐,[2]환경요인,우천 시 유입된 빗물에 의한 미끄러짐,주의 표지판 설치,3
인천 2호선,[3177]가상역,2025.04.06,대합실 바닥 미끄러짐,[2]환경요인,우천 시 유입된 빗물에 의한 미끄러짐,주의 표지판 설치,5
인천 2호선,[3253]가상역,2025.02.23,에스컬레이터 넘어짐,[1]인적요인,핸드레일 미지지로 인한 승객 전도,CCTV 확인 및 현장 조치,2
인천 1호선,[3173]가상역,2025.07.14,역사 내 대형 화재,[2]환경요인,전기실 단락으로 인한 화재 발생,승객 대피 및 소방서 협조,3
인천 2호선,[3047]가상역,2025.04.01,에스컬레이터 넘어짐,[1]인적요인,핸드레일 미지지로 인한 승객 전도,CCTV 확인 및 현장 조치,1
인천 2호선,[3184]가상역,2025.08.02,대합실 바닥 미끄러짐,[2]환경요인,우천 시 유입된 빗물에 의한 미끄러짐,주의 표지판 설치,5
인천 2호선,[3290]가상역,2025.04.29,대합실 바닥 미끄러짐,[2]환경요인,우천 시 유입된 빗물에 의한 미끄러짐,주의 표지판 설치,2
인천 2호선,[3258]가상역,2025.11.29,에스컬레이터 넘어짐,[1]인적요인,핸드레일 미지지로 인한 승객 전도,CCTV 확인 및 현장 조치,1
인천 2호선,[3199]가상역,2025.05.28,대합실 바닥 미끄러짐,[2]환경요인,우천 시 유입된 빗물에 의한 미끄러짐,주의 표지판 설치,3
인천 1호선,[3155]가상역,2025.07.06,대합실 바닥 미끄러짐,[2]환경요인,우천 시 유입된 빗물에 의한 미끄러짐,주의 표지판 설치,3
인천 1호선,[3076]가상역,2025.08.28,에스컬레이터 넘어짐,[1]인적요인,핸드레일 미지지로 인한 승객 전도,CCTV 확인 및 현장 조치,5
인천 2호선,[3143]가상역,2025.10.20,대합실 바닥 미끄러짐,[2]환경요인,우천 시 유입된 빗물에 의한 미끄러짐,주의 표지판 설치,1
인천 1호선,[3015]가상역,2025.08.14,대합실 바닥 미끄러짐,[2]환경요인,우천 시 유입된 빗물에 의한 미끄러짐,주의 표지판 설치,5
인천 2호선,[3199]가상역,2025.11.28,에스컬레이터 넘어짐,[1]인적요인,핸드레일 미지지로 인한 승객 전도,CCTV 확인 및 현장 조치,2
인천 1호선,[3220]가상역,2025.01.03,에스컬레이터 넘어짐,[1]인적요인,핸드레일 미지지로 인한 승객 전도,CCTV 확인 및 현장 조치,3
인천 2호선,[3156]가상역,2025.03.15,에스컬레이터 넘어짐,[1]인적요인,핸드레일 미지지로 인한 승객 전도,CCTV 확인 및 현장 조치,2
인천 1호선,[3103]가상역,2025.03.06,대합실 바닥 미끄러짐,[2]환경요인,우천 시 유입된 빗물에 의한 미끄러짐,주의 표지판 설치,2
인천 2호선,[3050]가상역,2025.07.06,에스컬레이터 넘어짐,[1]인적요인,핸드레일 미지지로 인한 승객 전도,CCTV 확인 및 현장 조치,4
인천 2호선,[3153]가상역,2025.06.07,대합실 바닥 미끄러짐,[2]환경요인,우천 시 유입된 빗물에 의한 미끄러짐,주의 표지판 설치,4
인천 2호선,[3007]가상역,2025.08.17,대합실 바닥 미끄러짐,[2]환경요인,우천 시 유입된 빗물에 의한 미끄러짐,주의 표지판 설치,5
인천 2호선,[3132]가상역,2025.01.15,대합실 바닥 미끄러짐,[2]환경요인,우천 시 유입된 빗물에 의한 미끄러짐,주의 표지판 설치,4
인천 2호선,[3292]가상역,2025.11.07,에스컬레이터 넘어짐,[1]인적요인,핸드레일 미지지로 인한 승객 전도,CCTV 확인 및 현장 조치,1
인천 1호선,[3258]가상역,2025.02.23,대합실 바닥 미끄러짐,[2]환경요인,우천 시 유입된 빗물에 의한 미끄러짐,주의 표지판 설치,1
인천 2호선,[3150]가상역,2025.04.17,대합실 바닥 미끄러짐,[2]환경요인,우천 시 유입된 빗물에 의한 미끄러짐,주의 표지판 설치,5
인천 2호선,[3153]가상역,2025.05.21,에스컬레이터 넘어짐,[1]인적요인,핸드레일 미지지로 인한 승객 전도,CCTV 확인 및 현장 조치,3
인천 1호선,[3058]가상역,2025.07.19,에스컬레이터 넘어짐,[1]인적요인,핸드레일 미지지로 인한 승객 전도,CCTV 확인 및 현장 조치,1
인천 2호선,[3181]가상역,2025.03.05,에스컬레이터 넘어짐,[1]인적요인,핸드레일 미지지로 인한 승객 전도,CCTV 확인 및 현장 조치,1
인천 2호선,[3159]가상역,2025.06.07,대합실 바닥 미끄러짐,[2]환경요인,우천 시 유입된 빗물에 의한 미끄러짐,주의 표지판 설치,1
인천 2호선,[3114]가상역,2025.08.21,에스컬레이터 넘어짐,[1]인적요인,핸드레일 미지지로 인한 승객 전도,CCTV 확인 및 현장 조치,1
인천 1호선,[3262]가상역,2025.04.12,에스컬레이터 넘어짐,[1]인적요인,핸드레일 미지지로 인한 승객 전도,CCTV 확인 및 현장 조치,4
인천 2호선,[3003]가상역,2025.08.07,역사 내 대형 화재,[2]환경요인,전기실 단락으로 인한 화재 발생,승객 대피 및 소방서 협조,5
인천 2호선,[3079]가상역,2025.07.22,에스컬레이터 넘어짐,[1]인적요인,핸드레일 미지지로 인한 승객 전도,CCTV 확인 및 현장 조치,5
인천 1호선,[3070]가상역,2025.09.13,대합실 바닥 미끄러짐,[2]환경요인,우천 시 유입된 빗물에 의한 미끄러짐,주의 표지판 설치,4
인천 1호선,[3028]가상역,2025.08.15,대합실 바닥 미끄러짐,[2]환경요인,우천 시 유입된 빗물에 의한 미끄러짐,주의 표지판 설치,1
인천 2호선,[3153]가상역,2025.11.15,대합실 바닥 미끄러짐,[2]환경요인,우천 시 유입된 빗물에 의한 미끄러짐,주의 표지판 설치,5
인천 1호선,[3024]가상역,2025.07.03,에스컬레이터 넘어짐,[1]인적요인,핸드레일 미지지로 인한 승객 전도,CCTV 확인 및 현장 조치,3
인천 1호선,[3096]가상역,2025.07.24,승강장 안전문 끼임,[3]기술요인,PSD 오작동으로 승객 신체 일부 끼임,수동 개방 및 안전 확인,3
인천 2호선,[3049]가상역,2025.01.01,에스컬레이터 넘어짐,[1]인적요인,핸드레일 미지지로 인한 승객 전도,CCTV 확인 및 현장 조치,3
인천 2호선,[3248]가상역,2025.03.07,에스컬레이터 넘어짐,[1]인적요인,핸드레일 미지지로 인한 승객 전도,CCTV 확인 및 현장 조치,4
인천 2호선,[3165]가상역,2025.10.13,대합실 바닥 미끄러짐,[2]환경요인,우천 시 유입된 빗물에 의한 미끄러짐,주의 표지판 설치,3
인천 2호선,[3086]가상역,2025.10.21,대합실 바닥 미끄러짐,[2]환경요인,우천 시 유입된 빗물에 의한 미끄러짐,주의 표지판 설치,4
인천 2호선,[3285]가상역,2025.03.28,에스컬레이터 넘어짐,[1]인적요인,핸드레일 미지지로 인한 승객 전도,CCTV 확인 및 현장 조치,4
인천 1호선,[3025]가상역,2025.10.07,대합실 바닥 미끄러짐,[2]환경요인,우천 시 유입된 빗물에 의한 미끄러짐,주의 표지판 설치,4
인천 1호선,[3281]가상역,2025.06.18,에스컬레이터 넘어짐,[1]인적요인,핸드레일 미지지로 인한 승객 전도,CCTV 확인 및 현장 조치,1
인천 2호선,[3170]가상역,2025.07.06,에스컬레이터 넘어짐,[1]인적요인,핸드레일 미지지로 인한 승객 전도,CCTV 확인 및 현장 조치,5
인천 2호선,[3222]가상역,2025.06.21,에스컬레이터 넘어짐,[1]인적요인,핸드레일 미지지로 인한 승객 전도,CCTV 확인 및 현장 조치,3
인천 1호선,[3180]가상역,2025.07.12,에스컬레이터 넘어짐,[1]인적요인,핸드레일 미지지로 인한 승객 전도,CCTV 확인 및 현장 조치,2
인천 2호선,[3198]가상역,2025.07.16,대합실 바닥 미끄러짐,[2]환경요인,우천 시 유입된 빗물에 의한 미끄러짐,주의 표지판 설치,1
인천 2호선,[3101]가상역,2025.03.30,대합실 바닥 미끄러짐,[2]환경요인,우천 시 유입된 빗물에 의한 미끄러짐,주의 표지판 설치,5
인천 2호선,[3260]가상역,2025.03.19,대합실 바닥 미끄러짐,[2]환경요인,우천 시 유입된 빗물에 의한 미끄러짐,주의 표지판 설치,5
인천 1호선,[3013]가상역,2025.10.12,에스컬레이터 넘어짐,[1]인적요인,핸드레일 미지지로 인한 승객 전도,CCTV 확인 및 현장 조치,1
인천 2호선,[3294]가상역,2025.04.16,에스컬레이터 넘어짐,[1]인적요인,핸드레일 미지지로 인한 승객 전도,CCTV 확인 및 현장 조치,1
인천 1호선,[3283]가상역,2025.06.04,에스컬레이터 넘어짐,[1]인적요인,핸드레일 미지지로 인한 승객 전도,CCTV 확인 및 현장 조치,3
인천 2호선,[3168]가상역,2025.04.19,에스컬레이터 넘어짐,[1]인적요인,핸드레일 미지지로 인한 승객 전도,CCTV 확인 및 현장 조치,2
인천 2호선,[3231]가상역,2025.12.16,에스컬레이터 넘어짐,[1]인적요인,핸드레일 미지지로 인한 승객 전도,CCTV 확인 및 현장 조치,1
인천 1호선,[3295]가상역,2025.05.04,에스컬레이터 넘어짐,[1]인적요인,핸드레일 미지지로 인한 승객 전도,CCTV 확인 및 현장 조치,1
인천 1호선,[3133]가상역,2025.02.25,대합실 바닥 미끄러짐,[2]환경요인,우천 시 유입된 빗물에 의한 미끄러짐,주의 표지판 설치,3
인천 2호선,[3252]가상역,2025.04.16,에스컬레이터 넘어짐,[1]인적요인,핸드레일 미지지로 인한 승객 전도,CCTV 확인 및 현장 조치,4
인천 2호선,[3298]가상역,2025.06.11,대합실 바닥 미끄러짐,[2]환경요인,우천 시 유입된 빗물에 의한 미끄러짐,주의 표지판 설치,2
인천 1호선,[3233]가상역,2025.11.18,에스컬레이터 넘어짐,[1]인적요인,핸드레일 미지지로 인한 승객 전도,CCTV 확인 및 현장 조치,5
인천 2호선,[3078]가상역,2025.06.09,에스컬레이터 넘어짐,[1]인적요인,핸드레일 미지지로 인한 승객 전도,CCTV 확인 및 현장 조치,3
인천 1호선,[3199]가상역,2025.01.30,에스컬레이터 넘어짐,[1]인적요인,핸드레일 미지지로 인한 승객 전도,CCTV 확인 및 현장 조치,1
인천 2호선,[3273]가상역,2025.08.30,승강장 안전문 끼임,[3]기술요인,PSD 오작동으로 승객 신체 일부 끼임,수동 개방 및 안전 확인,2
인천 2호선,[3152]가상역,2025.08.12,에스컬레이터 넘어짐,[1]인적요인,핸드레일 미지지로 인한 승객 전도,CCTV 확인 및 현장 조치,5
인천 2호선,[3039]가상역,2025.09.30,에스컬레이터 넘어짐,[1]인적요인,핸드레일 미지지로 인한 승객 전도,CCTV 확인 및 현장 조치,3
인천 1호선,[3216]가상역,2025.02.28,에스컬레이터 넘어짐,[1]인적요인,핸드레일 미지지로 인한 승객 전도,CCTV 확인 및 현장 조치,2
인천 2호선,[3145]가상역,2025.06.17,에스컬레이터 넘어짐,[1]인적요인,핸드레일 미지지로 인한 승객 전도,CCTV 확인 및 현장 조치,2
인천 1호선,[3162]가상역,2025.07.20,대합실 바닥 미끄러짐,[2]환경요인,우천 시 유입된 빗물에 의한 미끄러짐,주의 표지판 설치,2
인천 1호선,[3251]가상역,2025.10.13,대합실 바닥 미끄러짐,[2]환경요인,우천 시 유입된 빗물에 의한 미끄러짐,주의 표지판 설치,5
인천 1호선,[3238]가상역,2025.06.24,대합실 바닥 미끄러짐,[2]환경요인,우천 시 유입된 빗물에 의한 미끄러짐,주의 표지판 설치,2
인천 1호선,[3095]가상역,2025.08.23,승강장 안전문 끼임,[3]기술요인,PSD 오작동으로 승객 신체 일부 끼임,수동 개방 및 안전 확인,1
인천 1호선,[3234]가상역,2025.07.07,에스컬레이터 넘어짐,[1]인적요인,핸드레일 미지지로 인한 승객 전도,CCTV 확인 및 현장 조치,2
인천 2호선,[3083]가상역,2025.01.02,에스컬레이터 넘어짐,[1]인적요인,핸드레일 미지지로 인한 승객 전도,CCTV 확인 및 현장 조치,1
인천 1호선,[3137]가상역,2025.06.15,승강장 안전문 끼임,[3]기술요인,PSD 오작동으로 승객 신체 일부 끼임,수동 개방 및 안전 확인,3
인천 2호선,[3257]가상역,2025.11.16,승강장 안전문 끼임,[3]기술요인,PSD 오작동으로 승객 신체 일부 끼임,수동 개방 및 안전 확인,1
인천 1호선,[3088]가상역,2025.01.04,에스컬레이터 넘어짐,[1]인적요인,핸드레일 미지지로 인한 승객 전도,CCTV 확인 및 현장 조치,4
인천 2호선,[3014]가상역,2025.04.09,대합실 바닥 미끄러짐,[2]환경요인,우천 시 유입된 빗물에 의한 미끄러짐,주의 표지판 설치,4
인천 2호선,[3196]가상역,2025.04.07,에스컬레이터 넘어짐,[1]인적요인,핸드레일 미지지로 인한 승객 전도,CCTV 확인 및 현장 조치,2
인천 1호선,[3018]가상역,2025.07.23,승강장 안전문 끼임,[3]기술요인,PSD 오작동으로 승객 신체 일부 끼임,수동 개방 및 안전 확인,1
인천 1호선,[3114]가상역,2025.09.28,에스컬레이터 넘어짐,[1]인적요인,핸드레일 미지지로 인한 승객 전도,CCTV 확인 및 현장 조치,4
인천 2호선,[3117]가상역,2025.06.10,대합실 바닥 미끄러짐,[2]환경요인,우천 시 유입된 빗물에 의한 미끄러짐,주의 표지판 설치,5
인천 2호선,[3212]가상역,2025.12.01,에스컬레이터 넘어짐,[1]인적요인,핸드레일 미지지로 인한 승객 전도,CCTV 확인 및 현장 조치,2
인천 2호선,[3293]가상역,2025.09.21,승강장 안전문 끼임,[3]기술요인,PSD 오작동으로 승객 신체 일부 끼임,수동 개방 및 안전 확인,1
인천 1호선,[3290]가상역,2025.12.27,대합실 바닥 미끄러짐,[2]환경요인,우천 시 유입된 빗물에 의한 미끄러짐,주의 표지판 설치,3
인천 1호선,[3088]가상역,2025.12.06,승강장 안전문 끼임,[3]기술요인,PSD 오작동으로 승객 신체 일부 끼임,수동 개방 및 안전 확인,2
인천 2호선,[3223]가상역,2025.03.19,대합실 바닥 미끄러짐,[2]환경요인,우천 시 유입된 빗물에 의한 미끄러짐,주의 표지판 설치,1
인천 1호선,[3185]가상역,2025.06.18,에스컬레이터 넘어짐,[1]인적요인,핸드레일 미지지로 인한 승객 전도,CCTV 확인 및 현장 조치,5
인천 2호선,[3136]가상역,2025.07.28,에스컬레이터 넘어짐,[1]인적요인,핸드레일 미지지로 인한 승객 전도,CCTV 확인 및 현장 조치,4
인천 1호선,[3185]가상역,2025.09.02,에스컬레이터 넘어짐,[1]인적요인,핸드레일 미지지로 인한 승객 전도,CCTV 확인 및 현장 조치,2
인천 2호선,[3167]가상역,2025.05.15,대합실 바닥 미끄러짐,[2]환경요인,우천 시 유입된 빗물에 의한 미끄러짐,주의 표지판 설치,1
인천 1호선,[3082]가상역,2025.12.15,에스컬레이터 넘어짐,[1]인적요인,핸드레일 미지지로 인한 승객 전도,CCTV 확인 및 현장 조치,1
인천 2호선,[3121]가상역,2025.07.18,대합실 바닥 미끄러짐,[2]환경요인,우천 시 유입된 빗물에 의한 미끄러짐,주의 표지판 설치,3
인천 1호선,[3104]가상역,2025.02.20,에스컬레이터 넘어짐,[1]인적요인,핸드레일 미지지로 인한 승객 전도,CCTV 확인 및 현장 조치,2
인천 1호선,[3015]가상역,2025.07.08,대합실 바닥 미끄러짐,[2]환경요인,우천 시 유입된 빗물에 의한 미끄러짐,주의 표지판 설치,4
인천 1호선,[3191]가상역,2025.07.05,대합실 바닥 미끄러짐,[2]환경요인,우천 시 유입된 빗물에 의한 미끄러짐,주의 표지판 설치,4
인천 1호선,[3126]가상역,2025.05.21,승강장 안전문 끼임,[3]기술요인,PSD 오작동으로 승객 신체 일부 끼임,수동 개방 및 안전 확인,3
인천 2호선,[3234]가상역,2025.06.14,에스컬레이터 넘어짐,[1]인적요인,핸드레일 미지지로 인한 승객 전도,CCTV 확인 및 현장 조치,4
인천 1호선,[3255]가상역,2025.12.12,승강장 안전문 끼임,[3]기술요인,PSD 오작동으로 승객 신체 일부 끼임,수동 개방 및 안전 확인,5
인천 2호선,[3049]가상역,2025.02.08,에스컬레이터 넘어짐,[1]인적요인,핸드레일 미지지로 인한 승객 전도,CCTV 확인 및 현장 조치,4
인천 1호선,[3153]가상역,2025.11.09,대합실 바닥 미끄러짐,[2]환경요인,우천 시 유입된 빗물에 의한 미끄러짐,주의 표지판 설치,5
인천 1호선,[3179]가상역,2025.05.16,에스컬레이터 넘어짐,[1]인적요인,핸드레일 미지지로 인한 승객 전도,CCTV 확인 및 현장 조치,4
인천 1호선,[3190]가상역,2025.05.03,대합실 바닥 미끄러짐,[2]환경요인,우천 시 유입된 빗물에 의한 미끄러짐,주의 표지판 설치,2
인천 2호선,[3226]가상역,2025.07.05,에스컬레이터 넘어짐,[1]인적요인,핸드레일 미지지로 인한 승객 전도,CCTV 확인 및 현장 조치,5
인천 1호선,[3009]가상역,2025.10.09,대합실 바닥 미끄러짐,[2]환경요인,우천 시 유입된 빗물에 의한 미끄러짐,주의 표지판 설치,3
인천 1호선,[3207]가상역,2025.06.30,대합실 바닥 미끄러짐,[2]환경요인,우천 시 유입된 빗물에 의한 미끄러짐,주의 표지판 설치,5
인천 1호선,[3239]가상역,2025.02.16,대합실 바닥 미끄러짐,[2]환경요인,우천 시 유입된 빗물에 의한 미끄러짐,주의 표지판 설치,2
인천 2호선,[3195]가상역,2025.11.03,에스컬레이터 넘어짐,[1]인적요인,핸드레일 미지지로 인한 승객 전도,CCTV 확인 및 현장 조치,3
인천 2호선,[3212]가상역,2025.08.15,에스컬레이터 넘어짐,[1]인적요인,핸드레일 미지지로 인한 승객 전도,CCTV 확인 및 현장 조치,1
인천 2호선,[3233]가상역,2025.10.29,에스컬레이터 넘어짐,[1]인적요인,핸드레일 미지지로 인한 승객 전도,CCTV 확인 및 현장 조치,2
인천 2호선,[3276]가상역,2025.08.03,에스컬레이터 넘어짐,[1]인적요인,핸드레일 미지지로 인한 승객 전도,CCTV 확인 및 현장 조치,5
인천 1호선,[3270]가상역,2025.10.19,에스컬레이터 넘어짐,[1]인적요인,핸드레일 미지지로 인한 승객 전도,CCTV 확인 및 현장 조치,4
인천 1호선,[3256]가상역,2025.03.04,에스컬레이터 넘어짐,[1]인적요인,핸드레일 미지지로 인한 승객 전도,CCTV 확인 및 현장 조치,2
인천 2호선,[3261]가상역,2025.04.07,대합실 바닥 미끄러짐,[2]환경요인,우천 시 유입된 빗물에 의한 미끄러짐,주의 표지판 설치,5
인천 1호선,[3125]가상역,2025.04.27,대합실 바닥 미끄러짐,[2]환경요인,우천 시 유입된 빗물에 의한 미끄러짐,주의 표지판 설치,1
인천 2호선,[3216]가상역,2025.02.02,에스컬레이터 넘어짐,[1]인적요인,핸드레일 미지지로 인한 승객 전도,CCTV 확인 및 현장 조치,5
인천 2호선,[3239]가상역,2025.05.28,에스컬레이터 넘어짐,[1]인적요인,핸드레일 미지지로 인한 승객 전도,CCTV 확인 및 현장 조치,1
인천 2호선,[3239]가상역,2025.02.17,대합실 바닥 미끄러짐,[2]환경요인,우천 시 유입된 빗물에 의한 미끄러짐,주의 표지판 설치,3
인천 1호선,[3180]가상역,2025.11.06,에스컬레이터 넘어짐,[1]인적요인,핸드레일 미지지로 인한 승객 전도,CCTV 확인 및 현장 조치,5
인천 1호선,[3267]가상역,2025.05.22,에스컬레이터 넘어짐,[1]인적요인,핸드레일 미지지로 인한 승객 전도,CCTV 확인 및 현장 조치,4
인천 2호선,[3088]가상역,2025.07.25,대합실 바닥 미끄러짐,[2]환경요인,우천 시 유입된 빗물에 의한 미끄러짐,주의 표지판 설치,1
인천 2호선,[3146]가상역,2025.12.11,역사 내 대형 화재,[2]환경요인,전기실 단락으로 인한 화재 발생,승객 대피 및 소방서 협조,2
인천 1호선,[3026]가상역,2025.01.08,에스컬레이터 넘어짐,[1]인적요인,핸드레일 미지지로 인한 승객 전도,CCTV 확인 및 현장 조치,3
인천 1호선,[3071]가상역,2025.11.22,대합실 바닥 미끄러짐,[2]환경요인,우천 시 유입된 빗물에 의한 미끄러짐,주의 표지판 설치,4
인천 2호선,[3208]가상역,2025.08.12,대합실 바닥 미끄러짐,[2]환경요인,우천 시 유입된 빗물에 의한 미끄러짐,주의 표지판 설치,2
인천 2호선,[3275]가상역,2025.08.21,에스컬레이터 넘어짐,[1]인적요인,핸드레일 미지지로 인한 승객 전도,CCTV 확인 및 현장 조치,1
인천 2호선,[3113]가상역,2025.04.14,에스컬레이터 넘어짐,[1]인적요인,핸드레일 미지지로 인한 승객 전도,CCTV 확인 및 현장 조치,3
인천 1호선,[3212]가상역,2025.03.05,에스컬레이터 넘어짐,[1]인적요인,핸드레일 미지지로 인한 승객 전도,CCTV 확인 및 현장 조치,5
인천 2호선,[3186]가상역,2025.06.17,대합실 바닥 미끄러짐,[2]환경요인,우천 시 유입된 빗물에 의한 미끄러짐,주의 표지판 설치,4
인천 2호선,[3163]가상역,2025.09.21,에스컬레이터 넘어짐,[1]인적요인,핸드레일 미지지로 인한 승객 전도,CCTV 확인 및 현장 조치,3
인천 2호선,[3171]가상역,2025.06.03,에스컬레이터 넘어짐,[1]인적요인,핸드레일 미지지로 인한 승객 전도,CCTV 확인 및 현장 조치,3
인천 1호선,[3182]가상역,2025.04.17,대합실 바닥 미끄러짐,[2]환경요인,우천 시 유입된 빗물에 의한 미끄러짐,주의 표지판 설치,2
인천 2호선,[3232]가상역,2025.11.22,에스컬레이터 넘어짐,[1]인적요인,핸드레일 미지지로 인한 승객 전도,CCTV 확인 및 현장 조치,2
인천 2호선,[3101]가상역,2025.09.23,대합실 바닥 미끄러짐,[2]환경요인,우천 시 유입된 빗물에 의한 미끄러짐,주의 표지판 설치,5
인천 2호선,[3297]가상역,2025.05.29,대합실 바닥 미끄러짐,[2]환경요인,우천 시 유입된 빗물에 의한 미끄러짐,주의 표지판 설치,5
인천 2호선,[3283]가상역,2025.05.25,에스컬레이터 넘어짐,[1]인적요인,핸드레일 미지지로 인한 승객 전도,CCTV 확인 및 현장 조치,3
인천 2호선,[3207]가상역,2025.03.03,에스컬레이터 넘어짐,[1]인적요인,핸드레일 미지지로 인한 승객 전도,CCTV 확인 및 현장 조치,3
인천 2호선,[3196]가상역,2025.11.05,에스컬레이터 넘어짐,[1]인적요인,핸드레일 미지지로 인한 승객 전도,CCTV 확인 및 현장 조치,3
인천 1호선,[3273]가상역,2025.03.03,대합실 바닥 미끄러짐,[2]환경요인,우천 시 유입된 빗물에 의한 미끄러짐,주의 표지판 설치,4
인천 2호선,[3070]가상역,2025.10.14,에스컬레이터 넘어짐,[1]인적요인,핸드레일 미지지로 인한 승객 전도,CCTV 확인 및 현장 조치,3
인천 1호선,[3239]가상역,2025.05.05,에스컬레이터 넘어짐,[1]인적요인,핸드레일 미지지로 인한 승객 전도,CCTV 확인 및 현장 조치,5
인천 2호선,[3221]가상역,2025.06.12,대합실 바닥 미끄러짐,[2]환경요인,우천 시 유입된 빗물에 의한 미끄러짐,주의 표지판 설치,4
인천 1호선,[3273]가상역,2025.09.24,대합실 바닥 미끄러짐,[2]환경요인,우천 시 유입된 빗물에 의한 미끄러짐,주의 표지판 설치,1
인천 2호선,[3166]가상역,2025.08.03,대합실 바닥 미끄러짐,[2]환경요인,우천 시 유입된 빗물에 의한 미끄러짐,주의 표지판 설치,1
인천 2호선,[3277]가상역,2025.10.31,에스컬레이터 넘어짐,[1]인적요인,핸드레일 미지지로 인한 승객 전도,CCTV 확인 및 현장 조치,2
인천 2호선,[3159]가상역,2025.08.20,에스컬레이터 넘어짐,[1]인적요인,핸드레일 미지지로 인한 승객 전도,CCTV 확인 및 현장 조치,3
인천 2호선,[3243]가상역,2025.08.27,대합실 바닥 미끄러짐,[2]환경요인,우천 시 유입된 빗물에 의한 미끄러짐,주의 표지판 설치,3
인천 1호선,[3114]가상역,2025.06.13,에스컬레이터 넘어짐,[1]인적요인,핸드레일 미지지로 인한 승객 전도,CCTV 확인 및 현장 조치,4
인천 2호선,[3169]가상역,2025.05.23,에스컬레이터 넘어짐,[1]인적요인,핸드레일 미지지로 인한 승객 전도,CCTV 확인 및 현장 조치,4
인천 2호선,[3259]가상역,2025.02.08,에스컬레이터 넘어짐,[1]인적요인,핸드레일 미지지로 인한 승객 전도,CCTV 확인 및 현장 조치,5
인천 1호선,[3047]가상역,2025.04.16,에스컬레이터 넘어짐,[1]인적요인,핸드레일 미지지로 인한 승객 전도,CCTV 확인 및 현장 조치,3
인천 1호선,[3136]가상역,2025.09.03,대합실 바닥 미끄러짐,[2]환경요인,우천 시 유입된 빗물에 의한 미끄러짐,주의 표지판 설치,2
인천 2호선,[3219]가상역,2025.11.07,승강장 안전문 끼임,[3]기술요인,PSD 오작동으로 승객 신체 일부 끼임,수동 개방 및 안전 확인,2
인천 1호선,[3105]가상역,2025.05.09,대합실 바닥 미끄러짐,[2]환경요인,우천 시 유입된 빗물에 의한 미끄러짐,주의 표지판 설치,1
인천 2호선,[3023]가상역,2025.09.09,대합실 바닥 미끄러짐,[2]환경요인,우천 시 유입된 빗물에 의한 미끄러짐,주의 표지판 설치,1
인천 2호선,[3181]가상역,2025.02.16,에스컬레이터 넘어짐,[1]인적요인,핸드레일 미지지로 인한 승객 전도,CCTV 확인 및 현장 조치,2
인천 1호선,[3276]가상역,2025.05.11,에스컬레이터 넘어짐,[1]인적요인,핸드레일 미지지로 인한 승객 전도,CCTV 확인 및 현장 조치,3
인천 2호선,[3124]가상역,2025.10.30,에스컬레이터 넘어짐,[1]인적요인,핸드레일 미지지로 인한 승객 전도,CCTV 확인 및 현장 조치,4
인천 2호선,[3222]가상역,2025.09.18,대합실 바닥 미끄러짐,[2]환경요인,우천 시 유입된 빗물에 의한 미끄러짐,주의 표지판 설치,5
인천 2호선,[3037]가상역,2025.03.16,에스컬레이터 넘어짐,[1]인적요인,핸드레일 미지지로 인한 승객 전도,CCTV 확인 및 현장 조치,3
인천 1호선,[3150]가상역,2025.08.19,에스컬레이터 넘어짐,[1]인적요인,핸드레일 미지지로 인한 승객 전도,CCTV 확인 및 현장 조치,4
인천 1호선,[3278]가상역,2025.01.17,대합실 바닥 미끄러짐,[2]환경요인,우천 시 유입된 빗물에 의한 미끄러짐,주의 표지판 설치,4
인천 1호선,[3147]가상역,2025.10.04,대합실 바닥 미끄러짐,[2]환경요인,우천 시 유입된 빗물에 의한 미끄러짐,주의 표지판 설치,3
인천 2호선,[3102]가상역,2025.04.21,에스컬레이터 넘어짐,[1]인적요인,핸드레일 미지지로 인한 승객 전도,CCTV 확인 및 현장 조치,1
인천 2호선,[3300]가상역,2025.05.26,에스컬레이터 넘어짐,[1]인적요인,핸드레일 미지지로 인한 승객 전도,CCTV 확인 및 현장 조치,5
인천 1호선,[3233]가상역,2025.02.03,대합실 바닥 미끄러짐,[2]환경요인,우천 시 유입된 빗물에 의한 미끄러짐,주의 표지판 설치,3
인천 2호선,[3138]가상역,2025.07.02,대합실 바닥 미끄러짐,[2]환경요인,우천 시 유입된 빗물에 의한 미끄러짐,주의 표지판 설치,2
인천 1호선,[3168]가상역,2025.01.31,에스컬레이터 넘어짐,[1]인적요인,핸드레일 미지지로 인한 승객 전도,CCTV 확인 및 현장 조치,5
인천 1호선,[3169]가상역,2025.04.05,에스컬레이터 넘어짐,[1]인적요인,핸드레일 미지지로 인한 승객 전도,CCTV 확인 및 현장 조치,5
인천 2호선,[3274]가상역,2025.12.14,에스컬레이터 넘어짐,[1]인적요인,핸드레일 미지지로 인한 승객 전도,CCTV 확인 및 현장 조치,1
인천 2호선,[3181]가상역,2025.02.09,대합실 바닥 미끄러짐,[2]환경요인,우천 시 유입된 빗물에 의한 미끄러짐,주의 표지판 설치,5
인천 1호선,[3093]가상역,2025.05.01,에스컬레이터 넘어짐,[1]인적요인,핸드레일 미지지로 인한 승객 전도,CCTV 확인 및 현장 조치,5
인천 2호선,[3064]가상역,2025.06.21,대합실 바닥 미끄러짐,[2]환경요인,우천 시 유입된 빗물에 의한 미끄러짐,주의 표지판 설치,3
인천 1호선,[3063]가상역,2025.02.07,대합실 바닥 미끄러짐,[2]환경요인,우천 시 유입된 빗물에 의한 미끄러짐,주의 표지판 설치,3
인천 2호선,[3174]가상역,2025.09.11,에스컬레이터 넘어짐,[1]인적요인,핸드레일 미지지로 인한 승객 전도,CCTV 확인 및 현장 조치,1
인천 1호선,[3227]가상역,2025.06.14,대합실 바닥 미끄러짐,[2]환경요인,우천 시 유입된 빗물에 의한 미끄러짐,주의 표지판 설치,1
인천 2호선,[3045]가상역,2025.04.05,에스컬레이터 넘어짐,[1]인적요인,핸드레일 미지지로 인한 승객 전도,CCTV 확인 및 현장 조치,4
인천 2호선,[3198]가상역,2025.07.24,에스컬레이터 넘어짐,[1]인적요인,핸드레일 미지지로 인한 승객 전도,CCTV 확인 및 현장 조치,3
인천 2호선,[3005]가상역,2025.01.12,대합실 바닥 미끄러짐,[2]환경요인,우천 시 유입된 빗물에 의한 미끄러짐,주의 표지판 설치,2
인천 2호선,[3133]가상역,2025.03.06,역사 내 대형 화재,[2]환경요인,전기실 단락으로 인한 화재 발생,승객 대피 및 소방서 협조,5
인천 1호선,[3156]가상역,2025.07.22,에스컬레이터 넘어짐,[1]인적요인,핸드레일 미지지로 인한 승객 전도,CCTV 확인 및 현장 조치,4
인천 2호선,[3119]가상역,2025.12.24,승강장 안전문 끼임,[3]기술요인,PSD 오작동으로 승객 신체 일부 끼임,수동 개방 및 안전 확인,1
인천 2호선,[3050]가상역,2025.08.13,대합실 바닥 미끄러짐,[2]환경요인,우천 시 유입된 빗물에 의한 미끄러짐,주의 표지판 설치,2
인천 2호선,[3129]가상역,2025.06.17,에스컬레이터 넘어짐,[1]인적요인,핸드레일 미지지로 인한 승객 전도,CCTV 확인 및 현장 조치,1
인천 2호선,[3167]가상역,2025.12.24,승강장 안전문 끼임,[3]기술요인,PSD 오작동으로 승객 신체 일부 끼임,수동 개방 및 안전 확인,5
인천 1호선,[3110]가상역,2025.08.01,에스컬레이터 넘어짐,[1]인적요인,핸드레일 미지지로 인한 승객 전도,CCTV 확인 및 현장 조치,3
인천 2호선,[3270]가상역,2025.07.18,대합실 바닥 미끄러짐,[2]환경요인,우천 시 유입된 빗물에 의한 미끄러짐,주의 표지판 설치,5
인천 2호선,[3004]가상역,2025.09.18,에스컬레이터 넘어짐,[1]인적요인,핸드레일 미지지로 인한 승객 전도,CCTV 확인 및 현장 조치,2
인천 1호선,[3103]가상역,2025.12.18,에스컬레이터 넘어짐,[1]인적요인,핸드레일 미지지로 인한 승객 전도,CCTV 확인 및 현장 조치,5
인천 1호선,[3296]가상역,2025.12.28,에스컬레이터 넘어짐,[1]인적요인,핸드레일 미지지로 인한 승객 전도,CCTV 확인 및 현장 조치,1
인천 1호선,[3282]가상역,2025.11.29,대합실 바닥 미끄러짐,[2]환경요인,우천 시 유입된 빗물에 의한 미끄러짐,주의 표지판 설치,2
인천 2호선,[3277]가상역,2025.04.20,에스컬레이터 넘어짐,[1]인적요인,핸드레일 미지지로 인한 승객 전도,CCTV 확인 및 현장 조치,5
인천 2호선,[3226]가상역,2025.09.04,대합실 바닥 미끄러짐,[2]환경요인,우천 시 유입된 빗물에 의한 미끄러짐,주의 표지판 설치,1
인천 1호선,[3228]가상역,2025.12.12,대합실 바닥 미끄러짐,[2]환경요인,우천 시 유입된 빗물에 의한 미끄러짐,주의 표지판 설치,2
인천 1호선,[3144]가상역,2025.04.08,에스컬레이터 넘어짐,[1]인적요인,핸드레일 미지지로 인한 승객 전도,CCTV 확인 및 현장 조치,5
인천 1호선,[3265]가상역,2025.01.24,에스컬레이터 넘어짐,[1]인적요인,핸드레일 미지지로 인한 승객 전도,CCTV 확인 및 현장 조치,5
인천 1호선,[3014]가상역,2025.10.24,에스컬레이터 넘어짐,[1]인적요인,핸드레일 미지지로 인한 승객 전도,CCTV 확인 및 현장 조치,3
인천 2호선,[3165]가상역,2025.04.29,에스컬레이터 넘어짐,[1]인적요인,핸드레일 미지지로 인한 승객 전도,CCTV 확인 및 현장 조치,5
인천 2호선,[3001]가상역,2025.09.22,대합실 바닥 미끄러짐,[2]환경요인,우천 시 유입된 빗물에 의한 미끄러짐,주의 표지판 설치,2
인천 1호선,[3029]가상역,2025.08.07,대합실 바닥 미끄러짐,[2]환경요인,우천 시 유입된 빗물에 의한 미끄러짐,주의 표지판 설치,3
인천 2호선,[3196]가상역,2025.11.03,대합실 바닥 미끄러짐,[2]환경요인,우천 시 유입된 빗물에 의한 미끄러짐,주의 표지판 설치,4
인천 2호선,[3264]가상역,2025.11.09,에스컬레이터 넘어짐,[1]인적요인,핸드레일 미지지로 인한 승객 전도,CCTV 확인 및 현장 조치,2
인천 2호선,[3011]가상역,2025.07.21,대합실 바닥 미끄러짐,[2]환경요인,우천 시 유입된 빗물에 의한 미끄러짐,주의 표지판 설치,5
인천 1호선,[3133]가상역,2025.09.24,에스컬레이터 넘어짐,[1]인적요인,핸드레일 미지지로 인한 승객 전도,CCTV 확인 및 현장 조치,1
인천 2호선,[3062]가상역,2025.07.01,대합실 바닥 미끄러짐,[2]환경요인,우천 시 유입된 빗물에 의한 미끄러짐,주의 표지판 설치,2
인천 2호선,[3043]가상역,2025.08.31,에스컬레이터 넘어짐,[1]인적요인,핸드레일 미지지로 인한 승객 전도,CCTV 확인 및 현장 조치,2
인천 2호선,[3010]가상역,2025.09.03,에스컬레이터 넘어짐,[1]인적요인,핸드레일 미지지로 인한 승객 전도,CCTV 확인 및 현장 조치,2
인천 1호선,[3150]가상역,2025.07.18,대합실 바닥 미끄러짐,[2]환경요인,우천 시 유입된 빗물에 의한 미끄러짐,주의 표지판 설치,5
인천 1호선,[3118]가상역,2025.12.09,에스컬레이터 넘어짐,[1]인적요인,핸드레일 미지지로 인한 승객 전도,CCTV 확인 및 현장 조치,4
인천 2호선,[3082]가상역,2025.12.22,대합실 바닥 미끄러짐,[2]환경요인,우천 시 유입된 빗물에 의한 미끄러짐,주의 표지판 설치,2
인천 1호선,[3283]가상역,2025.09.25,승강장 안전문 끼임,[3]기술요인,PSD 오작동으로 승객 신체 일부 끼임,수동 개방 및 안전 확인,4
인천 1호선,[3165]가상역,2025.03.31,에스컬레이터 넘어짐,[1]인적요인,핸드레일 미지지로 인한 승객 전도,CCTV 확인 및 현장 조치,1
인천 2호선,[3159]가상역,2025.02.26,승강장 안전문 끼임,[3]기술요인,PSD 오작동으로 승객 신체 일부 끼임,수동 개방 및 안전 확인,4
인천 1호선,[3024]가상역,2025.08.21,에스컬레이터 넘어짐,[1]인적요인,핸드레일 미지지로 인한 승객 전도,CCTV 확인 및 현장 조치,5
인천 1호선,[3070]가상역,2025.11.26,대합실 바닥 미끄러짐,[2]환경요인,우천 시 유입된 빗물에 의한 미끄러짐,주의 표지판 설치,2
인천 2호선,[3203]가상역,2025.12.14,에스컬레이터 넘어짐,[1]인적요인,핸드레일 미지지로 인한 승객 전도,CCTV 확인 및 현장 조치,5
인천 2호선,[3064]가상역,2025.06.30,에스컬레이터 넘어짐,[1]인적요인,핸드레일 미지지로 인한 승객 전도,CCTV 확인 및 현장 조치,1
인천 2호선,[3063]가상역,2025.06.02,승강장 안전문 끼임,[3]기술요인,PSD 오작동으로 승객 신체 일부 끼임,수동 개방 및 안전 확인,5
인천 2호선,[3039]가상역,2025.04.29,대합실 바닥 미끄러짐,[2]환경요인,우천 시 유입된 빗물에 의한 미끄러짐,주의 표지판 설치,4
인천 2호선,[3036]가상역,2025.01.30,에스컬레이터 넘어짐,[1]인적요인,핸드레일 미지지로 인한 승객 전도,CCTV 확인 및 현장 조치,1
인천 1호선,[3236]가상역,2025.11.14,대합실 바닥 미끄러짐,[2]환경요인,우천 시 유입된 빗물에 의한 미끄러짐,주의 표지판 설치,3
인천 2호선,[3275]가상역,2025.05.18,에스컬레이터 넘어짐,[1]인적요인,핸드레일 미지지로 인한 승객 전도,CCTV 확인 및 현장 조치,3
인천 1호선,[3299]가상역,2025.04.24,에스컬레이터 넘어짐,[1]인적요인,핸드레일 미지지로 인한 승객 전도,CCTV 확인 및 현장 조치,2
인천 1호선,[3117]가상역,2025.04.19,대합실 바닥 미끄러짐,[2]환경요인,우천 시 유입된 빗물에 의한 미끄러짐,주의 표지판 설치,5
인천 2호선,[3144]가상역,2025.09.03,대합실 바닥 미끄러짐,[2]환경요인,우천 시 유입된 빗물에 의한 미끄러짐,주의 표지판 설치,2
인천 2호선,[3239]가상역,2025.09.06,대합실 바닥 미끄러짐,[2]환경요인,우천 시 유입된 빗물에 의한 미끄러짐,주의 표지판 설치,2
인천 1호선,[3097]가상역,2025.04.06,에스컬레이터 넘어짐,[1]인적요인,핸드레일 미지지로 인한 승객 전도,CCTV 확인 및 현장 조치,5
인천 1호선,[3022]가상역,2025.04.05,대합실 바닥 미끄러짐,[2]환경요인,우천 시 유입된 빗물에 의한 미끄러짐,주의 표지판 설치,4
인천 2호선,[3159]가상역,2025.06.13,에스컬레이터 넘어짐,[1]인적요인,핸드레일 미지지로 인한 승객 전도,CCTV 확인 및 현장 조치,1
인천 1호선,[3075]가상역,2025.10.23,에스컬레이터 넘어짐,[1]인적요인,핸드레일 미지지로 인한 승객 전도,CCTV 확인 및 현장 조치,1
인천 1호선,[3295]가상역,2025.08.09,에스컬레이터 넘어짐,[1]인적요인,핸드레일 미지지로 인한 승객 전도,CCTV 확인 및 현장 조치,2
인천 1호선,[3074]가상역,2025.08.26,에스컬레이터 넘어짐,[1]인적요인,핸드레일 미지지로 인한 승객 전도,CCTV 확인 및 현장 조치,2
인천 2호선,[3189]가상역,2025.08.29,에스컬레이터 넘어짐,[1]인적요인,핸드레일 미지지로 인한 승객 전도,CCTV 확인 및 현장 조치,4
인천 2호선,[3147]가상역,2025.08.17,에스컬레이터 넘어짐,[1]인적요인,핸드레일 미지지로 인한 승객 전도,CCTV 확인 및 현장 조치,5
인천 1호선,[3143]가상역,2025.05.17,에스컬레이터 넘어짐,[1]인적요인,핸드레일 미지지로 인한 승객 전도,CCTV 확인 및 현장 조치,3
인천 1호선,[3207]가상역,2025.08.08,에스컬레이터 넘어짐,[1]인적요인,핸드레일 미지지로 인한 승객 전도,CCTV 확인 및 현장 조치,2
인천 2호선,[3272]가상역,2025.06.27,대합실 바닥 미끄러짐,[2]환경요인,우천 시 유입된 빗물에 의한 미끄러짐,주의 표지판 설치,2
인천 2호선,[3244]가상역,2025.08.26,대합실 바닥 미끄러짐,[2]환경요인,우천 시 유입된 빗물에 의한 미끄러짐,주의 표지판 설치,5
인천 2호선,[3177]가상역,2025.01.30,에스컬레이터 넘어짐,[1]인적요인,핸드레일 미지지로 인한 승객 전도,CCTV 확인 및 현장 조치,5
인천 1호선,[3177]가상역,2025.03.17,에스컬레이터 넘어짐,[1]인적요인,핸드레일 미지지로 인한 승객 전도,CCTV 확인 및 현장 조치,2
인천 2호선,[3038]가상역,2025.10.26,대합실 바닥 미끄러짐,[2]환경요인,우천 시 유입된 빗물에 의한 미끄러짐,주의 표지판 설치,5
인천 2호선,[3298]가상역,2025.12.08,승강장 안전문 끼임,[3]기술요인,PSD 오작동으로 승객 신체 일부 끼임,수동 개방 및 안전 확인,4
인천 1호선,[3007]가상역,2025.09.28,에스컬레이터 넘어짐,[1]인적요인,핸드레일 미지지로 인한 승객 전도,CCTV 확인 및 현장 조치,4
인천 1호선,[3244]가상역,2025.05.07,에스컬레이터 넘어짐,[1]인적요인,핸드레일 미지지로 인한 승객 전도,CCTV 확인 및 현장 조치,4
인천 1호선,[3166]가상역,2025.05.20,대합실 바닥 미끄러짐,[2]환경요인,우천 시 유입된 빗물에 의한 미끄러짐,주의 표지판 설치,5
인천 1호선,[3033]가상역,2025.04.09,에스컬레이터 넘어짐,[1]인적요인,핸드레일 미지지로 인한 승객 전도,CCTV 확인 및 현장 조치,3
인천 1호선,[3132]가상역,2025.11.02,에스컬레이터 넘어짐,[1]인적요인,핸드레일 미지지로 인한 승객 전도,CCTV 확인 및 현장 조치,2
인천 1호선,[3160]가상역,2025.05.20,에스컬레이터 넘어짐,[1]인적요인,핸드레일 미지지로 인한 승객 전도,CCTV 확인 및 현장 조치,2
인천 2호선,[3150]가상역,2025.08.03,에스컬레이터 넘어짐,[1]인적요인,핸드레일 미지지로 인한 승객 전도,CCTV 확인 및 현장 조치,4
인천 1호선,[3166]가상역,2025.10.26,대합실 바닥 미끄러짐,[2]환경요인,우천 시 유입된 빗물에 의한 미끄러짐,주의 표지판 설치,4
인천 1호선,[3182]가상역,2025.10.20,에스컬레이터 넘어짐,[1]인적요인,핸드레일 미지지로 인한 승객 전도,CCTV 확인 및 현장 조치,5
인천 1호선,[3278]가상역,2025.08.10,대합실 바닥 미끄러짐,[2]환경요인,우천 시 유입된 빗물에 의한 미끄러짐,주의 표지판 설치,4
인천 2호선,[3070]가상역,2025.03.25,에스컬레이터 넘어짐,[1]인적요인,핸드레일 미지지로 인한 승객 전도,CCTV 확인 및 현장 조치,3
인천 1호선,[3217]가상역,2025.03.28,에스컬레이터 넘어짐,[1]인적요인,핸드레일 미지지로 인한 승객 전도,CCTV 확인 및 현장 조치,2
인천 1호선,[3153]가상역,2025.06.27,에스컬레이터 넘어짐,[1]인적요인,핸드레일 미지지로 인한 승객 전도,CCTV 확인 및 현장 조치,5
인천 2호선,[3013]가상역,2025.05.14,역사 내 대형 화재,[2]환경요인,전기실 단락으로 인한 화재 발생,승객 대피 및 소방서 협조,4
인천 2호선,[3286]가상역,2025.10.31,대합실 바닥 미끄러짐,[2]환경요인,우천 시 유입된 빗물에 의한 미끄러짐,주의 표지판 설치,4
인천 1호선,[3167]가상역,2025.09.08,에스컬레이터 넘어짐,[1]인적요인,핸드레일 미지지로 인한 승객 전도,CCTV 확인 및 현장 조치,5
인천 2호선,[3207]가상역,2025.02.02,에스컬레이터 넘어짐,[1]인적요인,핸드레일 미지지로 인한 승객 전도,CCTV 확인 및 현장 조치,3
인천 2호선,[3291]가상역,2025.08.26,대합실 바닥 미끄러짐,[2]환경요인,우천 시 유입된 빗물에 의한 미끄러짐,주의 표지판 설치,1
인천 1호선,[3101]가상역,2025.06.07,승강장 안전문 끼임,[3]기술요인,PSD 오작동으로 승객 신체 일부 끼임,수동 개방 및 안전 확인,3
인천 1호선,[3025]가상역,2025.03.04,대합실 바닥 미끄러짐,[2]환경요인,우천 시 유입된 빗물에 의한 미끄러짐,주의 표지판 설치,1
인천 1호선,[3079]가상역,2025.03.28,에스컬레이터 넘어짐,[1]인적요인,핸드레일 미지지로 인한 승객 전도,CCTV 확인 및 현장 조치,3
인천 1호선,[3198]가상역,2025.08.29,에스컬레이터 넘어짐,[1]인적요인,핸드레일 미지지로 인한 승객 전도,CCTV 확인 및 현장 조치,3
인천 1호선,[3185]가상역,2025.10.15,에스컬레이터 넘어짐,[1]인적요인,핸드레일 미지지로 인한 승객 전도,CCTV 확인 및 현장 조치,4
인천 1호선,[3109]가상역,2025.05.18,에스컬레이터 넘어짐,[1]인적요인,핸드레일 미지지로 인한 승객 전도,CCTV 확인 및 현장 조치,1
인천 1호선,[3154]가상역,2025.10.04,에스컬레이터 넘어짐,[1]인적요인,핸드레일 미지지로 인한 승객 전도,CCTV 확인 및 현장 조치,3
인천 1호선,[3076]가상역,2025.04.17,대합실 바닥 미끄러짐,[2]환경요인,우천 시 유입된 빗물에 의한 미끄러짐,주의 표지판 설치,3
인천 2호선,[3094]가상역,2025.04.22,에스컬레이터 넘어짐,[1]인적요인,핸드레일 미지지로 인한 승객 전도,CCTV 확인 및 현장 조치,1
인천 1호선,[3205]가상역,2025.09.16,대합실 바닥 미끄러짐,[2]환경요인,우천 시 유입된 빗물에 의한 미끄러짐,주의 표지판 설치,3
인천 2호선,[3241]가상역,2025.04.21,에스컬레이터 넘어짐,[1]인적요인,핸드레일 미지지로 인한 승객 전도,CCTV 확인 및 현장 조치,2
인천 1호선,[3063]가상역,2025.11.21,에스컬레이터 넘어짐,[1]인적요인,핸드레일 미지지로 인한 승객 전도,CCTV 확인 및 현장 조치,3
인천 2호선,[3077]가상역,2025.03.19,에스컬레이터 넘어짐,[1]인적요인,핸드레일 미지지로 인한 승객 전도,CCTV 확인 및 현장 조치,5
인천 2호선,[3186]가상역,2025.04.30,대합실 바닥 미끄러짐,[2]환경요인,우천 시 유입된 빗물에 의한 미끄러짐,주의 표지판 설치,3
인천 2호선,[3253]가상역,2025.01.13,에스컬레이터 넘어짐,[1]인적요인,핸드레일 미지지로 인한 승객 전도,CCTV 확인 및 현장 조치,4
인천 2호선,[3021]가상역,2025.02.16,대합실 바닥 미끄러짐,[2]환경요인,우천 시 유입된 빗물에 의한 미끄러짐,주의 표지판 설치,1
인천 2호선,[3053]가상역,2025.05.04,대합실 바닥 미끄러짐,[2]환경요인,우천 시 유입된 빗물에 의한 미끄러짐,주의 표지판 설치,3
인천 1호선,[3046]가상역,2025.07.06,승강장 안전문 끼임,[3]기술요인,PSD 오작동으로 승객 신체 일부 끼임,수동 개방 및 안전 확인,3
인천 2호선,[3121]가상역,2025.03.08,에스컬레이터 넘어짐,[1]인적요인,핸드레일 미지지로 인한 승객 전도,CCTV 확인 및 현장 조치,1
인천 2호선,[3030]가상역,2025.12.20,에스컬레이터 넘어짐,[1]인적요인,핸드레일 미지지로 인한 승객 전도,CCTV 확인 및 현장 조치,2
인천 1호선,[3094]가상역,2025.12.21,에스컬레이터 넘어짐,[1]인적요인,핸드레일 미지지로 인한 승객 전도,CCTV 확인 및 현장 조치,2
인천 1호선,[3069]가상역,2025.10.21,대합실 바닥 미끄러짐,[2]환경요인,우천 시 유입된 빗물에 의한 미끄러짐,주의 표지판 설치,3
인천 1호선,[3139]가상역,2025.05.31,승강장 안전문 끼임,[3]기술요인,PSD 오작동으로 승객 신체 일부 끼임,수동 개방 및 안전 확인,5
인천 2호선,[3271]가상역,2025.12.03,대합실 바닥 미끄러짐,[2]환경요인,우천 시 유입된 빗물에 의한 미끄러짐,주의 표지판 설치,1
인천 2호선,[3185]가상역,2025.04.22,대합실 바닥 미끄러짐,[2]환경요인,우천 시 유입된 빗물에 의한 미끄러짐,주의 표지판 설치,1
인천 2호선,[3103]가상역,2025.04.19,에스컬레이터 넘어짐,[1]인적요인,핸드레일 미지지로 인한 승객 전도,CCTV 확인 및 현장 조치,3
인천 2호선,[3137]가상역,2025.03.31,대합실 바닥 미끄러짐,[2]환경요인,우천 시 유입된 빗물에 의한 미끄러짐,주의 표지판 설치,5
인천 2호선,[3123]가상역,2025.08.18,대합실 바닥 미끄러짐,[2]환경요인,우천 시 유입된 빗물에 의한 미끄러짐,주의 표지판 설치,3
인천 1호선,[3269]가상역,2025.06.24,대합실 바닥 미끄러짐,[2]환경요인,우천 시 유입된 빗물에 의한 미끄러짐,주의 표지판 설치,1
인천 2호선,[3165]가상역,2025.05.08,에스컬레이터 넘어짐,[1]인적요인,핸드레일 미지지로 인한 승객 전도,CCTV 확인 및 현장 조치,1
인천 1호선,[3056]가상역,2025.05.23,에스컬레이터 넘어짐,[1]인적요인,핸드레일 미지지로 인한 승객 전도,CCTV 확인 및 현장 조치,5
인천 2호선,[3275]가상역,2025.06.09,승강장 안전문 끼임,[3]기술요인,PSD 오작동으로 승객 신체 일부 끼임,수동 개방 및 안전 확인,1
인천 2호선,[3038]가상역,2025.12.22,대합실 바닥 미끄러짐,[2]환경요인,우천 시 유입된 빗물에 의한 미끄러짐,주의 표지판 설치,4
인천 2호선,[3014]가상역,2025.06.13,대합실 바닥 미끄러짐,[2]환경요인,우천 시 유입된 빗물에 의한 미끄러짐,주의 표지판 설치,3
인천 1호선,[3175]가상역,2025.02.05,에스컬레이터 넘어짐,[1]인적요인,핸드레일 미지지로 인한 승객 전도,CCTV 확인 및 현장 조치,3
인천 2호선,[3199]가상역,2025.06.26,에스컬레이터 넘어짐,[1]인적요인,핸드레일 미지지로 인한 승객 전도,CCTV 확인 및 현장 조치,2
인천 2호선,[3140]가상역,2025.01.21,대합실 바닥 미끄러짐,[2]환경요인,우천 시 유입된 빗물에 의한 미끄러짐,주의 표지판 설치,4
인천 2호선,[3254]가상역,2025.10.26,승강장 안전문 끼임,[3]기술요인,PSD 오작동으로 승객 신체 일부 끼임,수동 개방 및 안전 확인,3
인천 2호선,[3245]가상역,2025.04.06,에스컬레이터 넘어짐,[1]인적요인,핸드레일 미지지로 인한 승객 전도,CCTV 확인 및 현장 조치,4
인천 1호선,[3039]가상역,2025.02.22,대합실 바닥 미끄러짐,[2]환경요인,우천 시 유입된 빗물에 의한 미끄러짐,주의 표지판 설치,5
인천 1호선,[3292]가상역,2025.08.25,대합실 바닥 미끄러짐,[2]환경요인,우천 시 유입된 빗물에 의한 미끄러짐,주의 표지판 설치,4
인천 2호선,[3181]가상역,2025.11.23,에스컬레이터 넘어짐,[1]인적요인,핸드레일 미지지로 인한 승객 전도,CCTV 확인 및 현장 조치,1
인천 1호선,[3099]가상역,2025.08.03,에스컬레이터 넘어짐,[1]인적요인,핸드레일 미지지로 인한 승객 전도,CCTV 확인 및 현장 조치,1
인천 1호선,[3110]가상역,2025.12.02,에스컬레이터 넘어짐,[1]인적요인,핸드레일 미지지로 인한 승객 전도,CCTV 확인 및 현장 조치,1
인천 2호선,[3290]가상역,2025.10.11,에스컬레이터 넘어짐,[1]인적요인,핸드레일 미지지로 인한 승객 전도,CCTV 확인 및 현장 조치,3
인천 1호선,[3145]가상역,2025.11.21,대합실 바닥 미끄러짐,[2]환경요인,우천 시 유입된 빗물에 의한 미끄러짐,주의 표지판 설치,3
인천 1호선,[3052]가상역,2025.09.17,에스컬레이터 넘어짐,[1]인적요인,핸드레일 미지지로 인한 승객 전도,CCTV 확인 및 현장 조치,5
인천 1호선,[3153]가상역,2025.06.14,대합실 바닥 미끄러짐,[2]환경요인,우천 시 유입된 빗물에 의한 미끄러짐,주의 표지판 설치,4
인천 2호선,[3075]가상역,2025.05.29,에스컬레이터 넘어짐,[1]인적요인,핸드레일 미지지로 인한 승객 전도,CCTV 확인 및 현장 조치,3
인천 1호선,[3044]가상역,2025.05.03,대합실 바닥 미끄러짐,[2]환경요인,우천 시 유입된 빗물에 의한 미끄러짐,주의 표지판 설치,2
인천 2호선,[3215]가상역,2025.10.22,에스컬레이터 넘어짐,[1]인적요인,핸드레일 미지지로 인한 승객 전도,CCTV 확인 및 현장 조치,2
인천 1호선,[3076]가상역,2025.09.14,대합실 바닥 미끄러짐,[2]환경요인,우천 시 유입된 빗물에 의한 미끄러짐,주의 표지판 설치,1
인천 1호선,[3175]가상역,2025.08.30,대합실 바닥 미끄러짐,[2]환경요인,우천 시 유입된 빗물에 의한 미끄러짐,주의 표지판 설치,1
인천 2호선,[3238]가상역,2025.11.02,에스컬레이터 넘어짐,[1]인적요인,핸드레일 미지지로 인한 승객 전도,CCTV 확인 및 현장 조치,3
인천 2호선,[3126]가상역,2025.11.19,대합실 바닥 미끄러짐,[2]환경요인,우천 시 유입된 빗물에 의한 미끄러짐,주의 표지판 설치,5
인천 2호선,[3172]가상역,2025.05.02,대합실 바닥 미끄러짐,[2]환경요인,우천 시 유입된 빗물에 의한 미끄러짐,주의 표지판 설치,5
인천 1호선,[3097]가상역,2025.03.28,승강장 안전문 끼임,[3]기술요인,PSD 오작동으로 승객 신체 일부 끼임,수동 개방 및 안전 확인,5
인천 2호선,[3125]가상역,2025.11.22,에스컬레이터 넘어짐,[1]인적요인,핸드레일 미지지로 인한 승객 전도,CCTV 확인 및 현장 조치,4
인천 2호선,[3189]가상역,2025.05.26,에스컬레이터 넘어짐,[1]인적요인,핸드레일 미지지로 인한 승객 전도,CCTV 확인 및 현장 조치,4
인천 2호선,[3247]가상역,2025.07.29,에스컬레이터 넘어짐,[1]인적요인,핸드레일 미지지로 인한 승객 전도,CCTV 확인 및 현장 조치,2
인천 2호선,[3259]가상역,2025.10.20,에스컬레이터 넘어짐,[1]인적요인,핸드레일 미지지로 인한 승객 전도,CCTV 확인 및 현장 조치,1
인천 1호선,[3113]가상역,2025.12.07,에스컬레이터 넘어짐,[1]인적요인,핸드레일 미지지로 인한 승객 전도,CCTV 확인 및 현장 조치,4
인천 1호선,[3111]가상역,2025.08.18,열차 충돌 사고,[3]기술요인,신호 오작동으로 인한 열차 간 측면 충돌 발생,현장 통제 및 운행 중단,5
인천 2호선,[3285]가상역,2025.07.08,에스컬레이터 넘어짐,[1]인적요인,핸드레일 미지지로 인한 승객 전도,CCTV 확인 및 현장 조치,2
인천 2호선,[3042]가상역,2025.07.17,에스컬레이터 넘어짐,[1]인적요인,핸드레일 미지지로 인한 승객 전도,CCTV 확인 및 현장 조치,5
인천 2호선,[3191]가상역,2025.07.23,대합실 바닥 미끄러짐,[2]환경요인,우천 시 유입된 빗물에 의한 미끄러짐,주의 표지판 설치,1
인천 2호선,[3262]가상역,2025.10.30,역사 내 대형 화재,[2]환경요인,전기실 단락으로 인한 화재 발생,승객 대피 및 소방서 협조,4
인천 2호선,[3084]가상역,2025.04.24,에스컬레이터 넘어짐,[1]인적요인,핸드레일 미지지로 인한 승객 전도,CCTV 확인 및 현장 조치,2
인천 1호선,[3177]가상역,2025.12.01,에스컬레이터 넘어짐,[1]인적요인,핸드레일 미지지로 인한 승객 전도,CCTV 확인 및 현장 조치,4
인천 2호선,[3209]가상역,2025.07.14,에스컬레이터 넘어짐,[1]인적요인,핸드레일 미지지로 인한 승객 전도,CCTV 확인 및 현장 조치,3
인천 2호선,[3127]가상역,2025.11.04,승강장 안전문 끼임,[3]기술요인,PSD 오작동으로 승객 신체 일부 끼임,수동 개방 및 안전 확인,1
인천 2호선,[3085]가상역,2025.11.22,에스컬레이터 넘어짐,[1]인적요인,핸드레일 미지지로 인한 승객 전도,CCTV 확인 및 현장 조치,1
인천 1호선,[3237]가상역,2025.06.12,승강장 안전문 끼임,[3]기술요인,PSD 오작동으로 승객 신체 일부 끼임,수동 개방 및 안전 확인,2
인천 1호선,[3180]가상역,2025.10.12,에스컬레이터 넘어짐,[1]인적요인,핸드레일 미지지로 인한 승객 전도,CCTV 확인 및 현장 조치,3
인천 1호선,[3279]가상역,2025.12.28,열차 충돌 사고,[3]기술요인,신호 오작동으로 인한 열차 간 측면 충돌 발생,현장 통제 및 운행 중단,3
인천 2호선,[3231]가상역,2025.08.06,에스컬레이터 넘어짐,[1]인적요인,핸드레일 미지지로 인한 승객 전도,CCTV 확인 및 현장 조치,4
인천 2호선,[3113]가상역,2025.06.06,에스컬레이터 넘어짐,[1]인적요인,핸드레일 미지지로 인한 승객 전도,CCTV 확인 및 현장 조치,1
인천 1호선,[3092]가상역,2025.06.30,에스컬레이터 넘어짐,[1]인적요인,핸드레일 미지지로 인한 승객 전도,CCTV 확인 및 현장 조치,3
인천 2호선,[3050]가상역,2025.01.15,대합실 바닥 미끄러짐,[2]환경요인,우천 시 유입된 빗물에 의한 미끄러짐,주의 표지판 설치,1
인천 2호선,[3183]가상역,2025.09.09,대합실 바닥 미끄러짐,[2]환경요인,우천 시 유입된 빗물에 의한 미끄러짐,주의 표지판 설치,1
인천 2호선,[3144]가상역,2025.10.08,에스컬레이터 넘어짐,[1]인적요인,핸드레일 미지지로 인한 승객 전도,CCTV 확인 및 현장 조치,5
인천 2호선,[3138]가상역,2025.04.20,에스컬레이터 넘어짐,[1]인적요인,핸드레일 미지지로 인한 승객 전도,CCTV 확인 및 현장 조치,3
인천 1호선,[3211]가상역,2025.11.24,에스컬레이터 넘어짐,[1]인적요인,핸드레일 미지지로 인한 승객 전도,CCTV 확인 및 현장 조치,4
인천 2호선,[3266]가상역,2025.07.16,에스컬레이터 넘어짐,[1]인적요인,핸드레일 미지지로 인한 승객 전도,CCTV 확인 및 현장 조치,5
인천 1호선,[3138]가상역,2025.04.10,대합실 바닥 미끄러짐,[2]환경요인,우천 시 유입된 빗물에 의한 미끄러짐,주의 표지판 설치,3
인천 1호선,[3184]가상역,2025.09.01,대합실 바닥 미끄러짐,[2]환경요인,우천 시 유입된 빗물에 의한 미끄러짐,주의 표지판 설치,4
인천 1호선,[3143]가상역,2025.06.02,에스컬레이터 넘어짐,[1]인적요인,핸드레일 미지지로 인한 승객 전도,CCTV 확인 및 현장 조치,3
인천 2호선,[3147]가상역,2025.05.03,대합실 바닥 미끄러짐,[2]환경요인,우천 시 유입된 빗물에 의한 미끄러짐,주의 표지판 설치,4
인천 2호선,[3081]가상역,2025.03.20,에스컬레이터 넘어짐,[1]인적요인,핸드레일 미지지로 인한 승객 전도,CCTV 확인 및 현장 조치,3
인천 1호선,[3153]가상역,2025.01.05,대합실 바닥 미끄러짐,[2]환경요인,우천 시 유입된 빗물에 의한 미끄러짐,주의 표지판 설치,5
인천 1호선,[3294]가상역,2025.05.07,에스컬레이터 넘어짐,[1]인적요인,핸드레일 미지지로 인한 승객 전도,CCTV 확인 및 현장 조치,5
인천 2호선,[3151]가상역,2025.09.24,대합실 바닥 미끄러짐,[2]환경요인,우천 시 유입된 빗물에 의한 미끄러짐,주의 표지판 설치,4
인천 2호선,[3075]가상역,2025.05.02,열차 충돌 사고,[3]기술요인,신호 오작동으로 인한 열차 간 측면 충돌 발생,현장 통제 및 운행 중단,2
인천 1호선,[3006]가상역,2025.02.20,에스컬레이터 넘어짐,[1]인적요인,핸드레일 미지지로 인한 승객 전도,CCTV 확인 및 현장 조치,5
인천 2호선,[3156]가상역,2025.04.10,대합실 바닥 미끄러짐,[2]환경요인,우천 시 유입된 빗물에 의한 미끄러짐,주의 표지판 설치,3
인천 1호선,[3074]가상역,2025.09.27,승강장 안전문 끼임,[3]기술요인,PSD 오작동으로 승객 신체 일부 끼임,수동 개방 및 안전 확인,3
인천 1호선,[3286]가상역,2025.01.25,대합실 바닥 미끄러짐,[2]환경요인,우천 시 유입된 빗물에 의한 미끄러짐,주의 표지판 설치,5
인천 2호선,[3249]가상역,2025.12.04,대합실 바닥 미끄러짐,[2]환경요인,우천 시 유입된 빗물에 의한 미끄러짐,주의 표지판 설치,2
인천 1호선,[3011]가상역,2025.04.06,에스컬레이터 넘어짐,[1]인적요인,핸드레일 미지지로 인한 승객 전도,CCTV 확인 및 현장 조치,2
인천 1호선,[3172]가상역,2025.04.18,에스컬레이터 넘어짐,[1]인적요인,핸드레일 미지지로 인한 승객 전도,CCTV 확인 및 현장 조치,3
인천 2호선,[3077]가상역,2025.11.17,대합실 바닥 미끄러짐,[2]환경요인,우천 시 유입된 빗물에 의한 미끄러짐,주의 표지판 설치,5
인천 2호선,[3279]가상역,2025.03.30,에스컬레이터 넘어짐,[1]인적요인,핸드레일 미지지로 인한 승객 전도,CCTV 확인 및 현장 조치,4
인천 1호선,[3257]가상역,2025.05.30,대합실 바닥 미끄러짐,[2]환경요인,우천 시 유입된 빗물에 의한 미끄러짐,주의 표지판 설치,4
인천 2호선,[3060]가상역,2025.11.16,승강장 안전문 끼임,[3]기술요인,PSD 오작동으로 승객 신체 일부 끼임,수동 개방 및 안전 확인,1
인천 1호선,[3176]가상역,2025.07.23,대합실 바닥 미끄러짐,[2]환경요인,우천 시 유입된 빗물에 의한 미끄러짐,주의 표지판 설치,3
인천 2호선,[3239]가상역,2025.03.02,에스컬레이터 넘어짐,[1]인적요인,핸드레일 미지지로 인한 승객 전도,CCTV 확인 및 현장 조치,2
인천 2호선,[3038]가상역,2025.01.16,대합실 바닥 미끄러짐,[2]환경요인,우천 시 유입된 빗물에 의한 미끄러짐,주의 표지판 설치,5
인천 1호선,[3035]가상역,2025.06.07,에스컬레이터 넘어짐,[1]인적요인,핸드레일 미지지로 인한 승객 전도,CCTV 확인 및 현장 조치,1
인천 1호선,[3296]가상역,2025.02.02,대합실 바닥 미끄러짐,[2]환경요인,우천 시 유입된 빗물에 의한 미끄러짐,주의 표지판 설치,4
인천 1호선,[3013]가상역,2025.06.24,대합실 바닥 미끄러짐,[2]환경요인,우천 시 유입된 빗물에 의한 미끄러짐,주의 표지판 설치,3
인천 1호선,[3284]가상역,2025.07.22,대합실 바닥 미끄러짐,[2]환경요인,우천 시 유입된 빗물에 의한 미끄러짐,주의 표지판 설치,5
인천 2호선,[3057]가상역,2025.05.19,에스컬레이터 넘어짐,[1]인적요인,핸드레일 미지지로 인한 승객 전도,CCTV 확인 및 현장 조치,3
인천 1호선,[3120]가상역,2025.01.20,대합실 바닥 미끄러짐,[2]환경요인,우천 시 유입된 빗물에 의한 미끄러짐,주의 표지판 설치,2
인천 2호선,[3131]가상역,2025.07.25,대합실 바닥 미끄러짐,[2]환경요인,우천 시 유입된 빗물에 의한 미끄러짐,주의 표지판 설치,4
인천 1호선,[3267]가상역,2025.12.11,대합실 바닥 미끄러짐,[2]환경요인,우천 시 유입된 빗물에 의한 미끄러짐,주의 표지판 설치,1
인천 1호선,[3042]가상역,2025.07.28,대합실 바닥 미끄러짐,[2]환경요인,우천 시 유입된 빗물에 의한 미끄러짐,주의 표지판 설치,1
인천 2호선,[3064]가상역,2025.06.21,에스컬레이터 넘어짐,[1]인적요인,핸드레일 미지지로 인한 승객 전도,CCTV 확인 및 현장 조치,2
인천 1호선,[3172]가상역,2025.01.05,대합실 바닥 미끄러짐,[2]환경요인,우천 시 유입된 빗물에 의한 미끄러짐,주의 표지판 설치,2
인천 1호선,[3227]가상역,2025.02.22,승강장 안전문 끼임,[3]기술요인,PSD 오작동으로 승객 신체 일부 끼임,수동 개방 및 안전 확인,2
인천 2호선,[3288]가상역,2025.08.12,에스컬레이터 넘어짐,[1]인적요인,핸드레일 미지지로 인한 승객 전도,CCTV 확인 및 현장 조치,1
인천 1호선,[3174]가상역,2025.01.01,에스컬레이터 넘어짐,[1]인적요인,핸드레일 미지지로 인한 승객 전도,CCTV 확인 및 현장 조치,4
인천 1호선,[3264]가상역,2025.07.10,에스컬레이터 넘어짐,[1]인적요인,핸드레일 미지지로 인한 승객 전도,CCTV 확인 및 현장 조치,2
인천 2호선,[3107]가상역,2025.03.25,에스컬레이터 넘어짐,[1]인적요인,핸드레일 미지지로 인한 승객 전도,CCTV 확인 및 현장 조치,2
인천 2호선,[3035]가상역,2025.01.11,에스컬레이터 넘어짐,[1]인적요인,핸드레일 미지지로 인한 승객 전도,CCTV 확인 및 현장 조치,1
인천 2호선,[3064]가상역,2025.08.21,에스컬레이터 넘어짐,[1]인적요인,핸드레일 미지지로 인한 승객 전도,CCTV 확인 및 현장 조치,4
인천 2호선,[3279]가상역,2025.01.06,에스컬레이터 넘어짐,[1]인적요인,핸드레일 미지지로 인한 승객 전도,CCTV 확인 및 현장 조치,1
인천 2호선,[3271]가상역,2025.09.10,승강장 안전문 끼임,[3]기술요인,PSD 오작동으로 승객 신체 일부 끼임,수동 개방 및 안전 확인,3
인천 2호선,[3267]가상역,2025.08.25,에스컬레이터 넘어짐,[1]인적요인,핸드레일 미지지로 인한 승객 전도,CCTV 확인 및 현장 조치,1
인천 2호선,[3054]가상역,2025.03.13,대합실 바닥 미끄러짐,[2]환경요인,우천 시 유입된 빗물에 의한 미끄러짐,주의 표지판 설치,5
인천 1호선,[3137]가상역,2025.12.25,에스컬레이터 넘어짐,[1]인적요인,핸드레일 미지지로 인한 승객 전도,CCTV 확인 및 현장 조치,1
인천 2호선,[3209]가상역,2025.02.07,에스컬레이터 넘어짐,[1]인적요인,핸드레일 미지지로 인한 승객 전도,CCTV 확인 및 현장 조치,1
인천 1호선,[3232]가상역,2025.07.13,대합실 바닥 미끄러짐,[2]환경요인,우천 시 유입된 빗물에 의한 미끄러짐,주의 표지판 설치,1
인천 2호선,[3211]가상역,2025.06.05,대합실 바닥 미끄러짐,[2]환경요인,우천 시 유입된 빗물에 의한 미끄러짐,주의 표지판 설치,1
인천 2호선,[3120]가상역,2025.02.06,대합실 바닥 미끄러짐,[2]환경요인,우천 시 유입된 빗물에 의한 미끄러짐,주의 표지판 설치,4
인천 1호선,[3082]가상역,2025.05.16,대합실 바닥 미끄러짐,[2]환경요인,우천 시 유입된 빗물에 의한 미끄러짐,주의 표지판 설치,5
인천 2호선,[3128]가상역,2025.06.24,에스컬레이터 넘어짐,[1]인적요인,핸드레일 미지지로 인한 승객 전도,CCTV 확인 및 현장 조치,4
인천 1호선,[3229]가상역,2025.04.01,대합실 바닥 미끄러짐,[2]환경요인,우천 시 유입된 빗물에 의한 미끄러짐,주의 표지판 설치,5
인천 1호선,[3238]가상역,2025.03.07,에스컬레이터 넘어짐,[1]인적요인,핸드레일 미지지로 인한 승객 전도,CCTV 확인 및 현장 조치,5
인천 2호선,[3027]가상역,2025.10.15,대합실 바닥 미끄러짐,[2]환경요인,우천 시 유입된 빗물에 의한 미끄러짐,주의 표지판 설치,4
인천 1호선,[3151]가상역,2025.06.29,대합실 바닥 미끄러짐,[2]환경요인,우천 시 유입된 빗물에 의한 미끄러짐,주의 표지판 설치,1
인천 2호선,[3086]가상역,2025.10.30,승강장 안전문 끼임,[3]기술요인,PSD 오작동으로 승객 신체 일부 끼임,수동 개방 및 안전 확인,5
인천 1호선,[3102]가상역,2025.09.23,대합실 바닥 미끄러짐,[2]환경요인,우천 시 유입된 빗물에 의한 미끄러짐,주의 표지판 설치,5
인천 2호선,[3014]가상역,2025.04.18,에스컬레이터 넘어짐,[1]인적요인,핸드레일 미지지로 인한 승객 전도,CCTV 확인 및 현장 조치,4
인천 1호선,[3296]가상역,2025.06.02,대합실 바닥 미끄러짐,[2]환경요인,우천 시 유입된 빗물에 의한 미끄러짐,주의 표지판 설치,1
인천 2호선,[3197]가상역,2025.08.09,에스컬레이터 넘어짐,[1]인적요인,핸드레일 미지지로 인한 승객 전도,CCTV 확인 및 현장 조치,5
인천 2호선,[3038]가상역,2025.01.18,에스컬레이터 넘어짐,[1]인적요인,핸드레일 미지지로 인한 승객 전도,CCTV 확인 및 현장 조치,4
인천 1호선,[3230]가상역,2025.11.10,대합실 바닥 미끄러짐,[2]환경요인,우천 시 유입된 빗물에 의한 미끄러짐,주의 표지판 설치,5
인천 1호선,[3090]가상역,2025.04.19,대합실 바닥 미끄러짐,[2]환경요인,우천 시 유입된 빗물에 의한 미끄러짐,주의 표지판 설치,4
인천 2호선,[3100]가상역,2025.03.11,에스컬레이터 넘어짐,[1]인적요인,핸드레일 미지지로 인한 승객 전도,CCTV 확인 및 현장 조치,4
인천 2호선,[3147]가상역,2025.01.14,대합실 바닥 미끄러짐,[2]환경요인,우천 시 유입된 빗물에 의한 미끄러짐,주의 표지판 설치,5
인천 2호선,[3164]가상역,2025.09.12,에스컬레이터 넘어짐,[1]인적요인,핸드레일 미지지로 인한 승객 전도,CCTV 확인 및 현장 조치,3
인천 2호선,[3023]가상역,2025.06.07,에스컬레이터 넘어짐,[1]인적요인,핸드레일 미지지로 인한 승객 전도,CCTV 확인 및 현장 조치,5
인천 2호선,[3144]가상역,2025.01.07,에스컬레이터 넘어짐,[1]인적요인,핸드레일 미지지로 인한 승객 전도,CCTV 확인 및 현장 조치,4
인천 1호선,[3257]가상역,2025.03.30,에스컬레이터 넘어짐,[1]인적요인,핸드레일 미지지로 인한 승객 전도,CCTV 확인 및 현장 조치,3
인천 1호선,[3185]가상역,2025.07.06,에스컬레이터 넘어짐,[1]인적요인,핸드레일 미지지로 인한 승객 전도,CCTV 확인 및 현장 조치,3
인천 1호선,[3254]가상역,2025.06.02,대합실 바닥 미끄러짐,[2]환경요인,우천 시 유입된 빗물에 의한 미끄러짐,주의 표지판 설치,1
인천 1호선,[3222]가상역,2025.12.31,에스컬레이터 넘어짐,[1]인적요인,핸드레일 미지지로 인한 승객 전도,CCTV 확인 및 현장 조치,5
인천 1호선,[3062]가상역,2025.05.05,대합실 바닥 미끄러짐,[2]환경요인,우천 시 유입된 빗물에 의한 미끄러짐,주의 표지판 설치,5
인천 2호선,[3175]가상역,2025.06.27,에스컬레이터 넘어짐,[1]인적요인,핸드레일 미지지로 인한 승객 전도,CCTV 확인 및 현장 조치,5
인천 1호선,[3175]가상역,2025.10.09,에스컬레이터 넘어짐,[1]인적요인,핸드레일 미지지로 인한 승객 전도,CCTV 확인 및 현장 조치,4
인천 1호선,[3134]가상역,2025.09.05,에스컬레이터 넘어짐,[1]인적요인,핸드레일 미지지로 인한 승객 전도,CCTV 확인 및 현장 조치,5
인천 1호선,[3171]가상역,2025.05.04,에스컬레이터 넘어짐,[1]인적요인,핸드레일 미지지로 인한 승객 전도,CCTV 확인 및 현장 조치,2
인천 2호선,[3083]가상역,2025.02.03,에스컬레이터 넘어짐,[1]인적요인,핸드레일 미지지로 인한 승객 전도,CCTV 확인 및 현장 조치,1
인천 2호선,[3139]가상역,2025.01.27,에스컬레이터 넘어짐,[1]인적요인,핸드레일 미지지로 인한 승객 전도,CCTV 확인 및 현장 조치,5
인천 2호선,[3093]가상역,2025.09.22,에스컬레이터 넘어짐,[1]인적요인,핸드레일 미지지로 인한 승객 전도,CCTV 확인 및 현장 조치,2
인천 1호선,[3178]가상역,2025.11.08,에스컬레이터 넘어짐,[1]인적요인,핸드레일 미지지로 인한 승객 전도,CCTV 확인 및 현장 조치,1
인천 1호선,[3258]가상역,2025.07.04,에스컬레이터 넘어짐,[1]인적요인,핸드레일 미지지로 인한 승객 전도,CCTV 확인 및 현장 조치,5
인천 2호선,[3183]가상역,2025.09.29,승강장 안전문 끼임,[3]기술요인,PSD 오작동으로 승객 신체 일부 끼임,수동 개방 및 안전 확인,2
인천 1호선,[3169]가상역,2025.05.10,에스컬레이터 넘어짐,[1]인적요인,핸드레일 미지지로 인한 승객 전도,CCTV 확인 및 현장 조치,1
인천 1호선,[3139]가상역,2025.03.25,승강장 안전문 끼임,[3]기술요인,PSD 오작동으로 승객 신체 일부 끼임,수동 개방 및 안전 확인,2
인천 2호선,[3010]가상역,2025.10.30,대합실 바닥 미끄러짐,[2]환경요인,우천 시 유입된 빗물에 의한 미끄러짐,주의 표지판 설치,5
인천 1호선,[3149]가상역,2025.05.12,대합실 바닥 미끄러짐,[2]환경요인,우천 시 유입된 빗물에 의한 미끄러짐,주의 표지판 설치,1
인천 1호선,[3238]가상역,2025.03.10,대합실 바닥 미끄러짐,[2]환경요인,우천 시 유입된 빗물에 의한 미끄러짐,주의 표지판 설치,5
인천 2호선,[3261]가상역,2025.09.23,에스컬레이터 넘어짐,[1]인적요인,핸드레일 미지지로 인한 승객 전도,CCTV 확인 및 현장 조치,2
인천 1호선,[3176]가상역,2025.08.24,대합실 바닥 미끄러짐,[2]환경요인,우천 시 유입된 빗물에 의한 미끄러짐,주의 표지판 설치,2
인천 1호선,[3032]가상역,2025.08.30,대합실 바닥 미끄러짐,[2]환경요인,우천 시 유입된 빗물에 의한 미끄러짐,주의 표지판 설치,5
인천 2호선,[3008]가상역,2025.09.19,대합실 바닥 미끄러짐,[2]환경요인,우천 시 유입된 빗물에 의한 미끄러짐,주의 표지판 설치,4
인천 1호선,[3114]가상역,2025.09.30,대합실 바닥 미끄러짐,[2]환경요인,우천 시 유입된 빗물에 의한 미끄러짐,주의 표지판 설치,4
인천 2호선,[3239]가상역,2025.10.05,에스컬레이터 넘어짐,[1]인적요인,핸드레일 미지지로 인한 승객 전도,CCTV 확인 및 현장 조치,1
인천 2호선,[3048]가상역,2025.09.28,에스컬레이터 넘어짐,[1]인적요인,핸드레일 미지지로 인한 승객 전도,CCTV 확인 및 현장 조치,3
인천 2호선,[3293]가상역,2025.08.12,대합실 바닥 미끄러짐,[2]환경요인,우천 시 유입된 빗물에 의한 미끄러짐,주의 표지판 설치,5
인천 1호선,[3011]가상역,2025.11.18,에스컬레이터 넘어짐,[1]인적요인,핸드레일 미지지로 인한 승객 전도,CCTV 확인 및 현장 조치,3
인천 1호선,[3128]가상역,2025.11.29,대합실 바닥 미끄러짐,[2]환경요인,우천 시 유입된 빗물에 의한 미끄러짐,주의 표지판 설치,5
인천 1호선,[3283]가상역,2025.10.28,에스컬레이터 넘어짐,[1]인적요인,핸드레일 미지지로 인한 승객 전도,CCTV 확인 및 현장 조치,5
인천 2호선,[3040]가상역,2025.01.10,대합실 바닥 미끄러짐,[2]환경요인,우천 시 유입된 빗물에 의한 미끄러짐,주의 표지판 설치,1
인천 1호선,[3079]가상역,2025.08.07,에스컬레이터 넘어짐,[1]인적요인,핸드레일 미지지로 인한 승객 전도,CCTV 확인 및 현장 조치,4
인천 2호선,[3190]가상역,2025.03.22,역사 내 대형 화재,[2]환경요인,전기실 단락으로 인한 화재 발생,승객 대피 및 소방서 협조,4
인천 2호선,[3274]가상역,2025.01.24,에스컬레이터 넘어짐,[1]인적요인,핸드레일 미지지로 인한 승객 전도,CCTV 확인 및 현장 조치,2
인천 2호선,[3233]가상역,2025.12.16,에스컬레이터 넘어짐,[1]인적요인,핸드레일 미지지로 인한 승객 전도,CCTV 확인 및 현장 조치,2
인천 1호선,[3196]가상역,2025.10.25,승강장 안전문 끼임,[3]기술요인,PSD 오작동으로 승객 신체 일부 끼임,수동 개방 및 안전 확인,2
인천 2호선,[3033]가상역,2025.05.05,에스컬레이터 넘어짐,[1]인적요인,핸드레일 미지지로 인한 승객 전도,CCTV 확인 및 현장 조치,2
인천 2호선,[3281]가상역,2025.12.19,에스컬레이터 넘어짐,[1]인적요인,핸드레일 미지지로 인한 승객 전도,CCTV 확인 및 현장 조치,2
인천 1호선,[3234]가상역,2025.02.23,에스컬레이터 넘어짐,[1]인적요인,핸드레일 미지지로 인한 승객 전도,CCTV 확인 및 현장 조치,3
인천 1호선,[3090]가상역,2025.11.14,에스컬레이터 넘어짐,[1]인적요인,핸드레일 미지지로 인한 승객 전도,CCTV 확인 및 현장 조치,1
인천 1호선,[3270]가상역,2025.01.06,대합실 바닥 미끄러짐,[2]환경요인,우천 시 유입된 빗물에 의한 미끄러짐,주의 표지판 설치,4
인천 2호선,[3146]가상역,2025.07.30,승강장 안전문 끼임,[3]기술요인,PSD 오작동으로 승객 신체 일부 끼임,수동 개방 및 안전 확인,2
인천 1호선,[3074]가상역,2025.02.28,에스컬레이터 넘어짐,[1]인적요인,핸드레일 미지지로 인한 승객 전도,CCTV 확인 및 현장 조치,1
인천 1호선,[3013]가상역,2025.04.15,에스컬레이터 넘어짐,[1]인적요인,핸드레일 미지지로 인한 승객 전도,CCTV 확인 및 현장 조치,1
인천 1호선,[3087]가상역,2025.08.14,에스컬레이터 넘어짐,[1]인적요인,핸드레일 미지지로 인한 승객 전도,CCTV 확인 및 현장 조치,4
인천 2호선,[3201]가상역,2025.05.08,에스컬레이터 넘어짐,[1]인적요인,핸드레일 미지지로 인한 승객 전도,CCTV 확인 및 현장 조치,5
인천 1호선,[3238]가상역,2025.04.20,대합실 바닥 미끄러짐,[2]환경요인,우천 시 유입된 빗물에 의한 미끄러짐,주의 표지판 설치,2
인천 1호선,[3244]가상역,2025.04.14,대합실 바닥 미끄러짐,[2]환경요인,우천 시 유입된 빗물에 의한 미끄러짐,주의 표지판 설치,3
인천 1호선,[3219]가상역,2025.03.08,역사 내 대형 화재,[2]환경요인,전기실 단락으로 인한 화재 발생,승객 대피 및 소방서 협조,1
인천 2호선,[3061]가상역,2025.12.14,승강장 안전문 끼임,[3]기술요인,PSD 오작동으로 승객 신체 일부 끼임,수동 개방 및 안전 확인,1
인천 1호선,[3267]가상역,2025.02.27,승강장 안전문 끼임,[3]기술요인,PSD 오작동으로 승객 신체 일부 끼임,수동 개방 및 안전 확인,2
인천 2호선,[3291]가상역,2025.03.04,에스컬레이터 넘어짐,[1]인적요인,핸드레일 미지지로 인한 승객 전도,CCTV 확인 및 현장 조치,1
인천 1호선,[3255]가상역,2025.01.28,대합실 바닥 미끄러짐,[2]환경요인,우천 시 유입된 빗물에 의한 미끄러짐,주의 표지판 설치,4
인천 2호선,[3120]가상역,2025.05.16,대합실 바닥 미끄러짐,[2]환경요인,우천 시 유입된 빗물에 의한 미끄러짐,주의 표지판 설치,4
인천 2호선,[3104]가상역,2025.12.13,대합실 바닥 미끄러짐,[2]환경요인,우천 시 유입된 빗물에 의한 미끄러짐,주의 표지판 설치,2
인천 1호선,[3233]가상역,2025.05.09,대합실 바닥 미끄러짐,[2]환경요인,우천 시 유입된 빗물에 의한 미끄러짐,주의 표지판 설치,1
인천 1호선,[3202]가상역,2025.03.19,에스컬레이터 넘어짐,[1]인적요인,핸드레일 미지지로 인한 승객 전도,CCTV 확인 및 현장 조치,1
인천 2호선,[3159]가상역,2025.12.30,에스컬레이터 넘어짐,[1]인적요인,핸드레일 미지지로 인한 승객 전도,CCTV 확인 및 현장 조치,1
인천 2호선,[3066]가상역,2025.10.11,에스컬레이터 넘어짐,[1]인적요인,핸드레일 미지지로 인한 승객 전도,CCTV 확인 및 현장 조치,1
인천 1호선,[3199]가상역,2025.11.22,에스컬레이터 넘어짐,[1]인적요인,핸드레일 미지지로 인한 승객 전도,CCTV 확인 및 현장 조치,2
인천 2호선,[3080]가상역,2025.07.03,에스컬레이터 넘어짐,[1]인적요인,핸드레일 미지지로 인한 승객 전도,CCTV 확인 및 현장 조치,4
인천 2호선,[3184]가상역,2025.05.07,에스컬레이터 넘어짐,[1]인적요인,핸드레일 미지지로 인한 승객 전도,CCTV 확인 및 현장 조치,4
인천 1호선,[3225]가상역,2025.02.19,에스컬레이터 넘어짐,[1]인적요인,핸드레일 미지지로 인한 승객 전도,CCTV 확인 및 현장 조치,4
인천 2호선,[3279]가상역,2025.07.13,대합실 바닥 미끄러짐,[2]환경요인,우천 시 유입된 빗물에 의한 미끄러짐,주의 표지판 설치,3
인천 2호선,[3130]가상역,2025.03.25,대합실 바닥 미끄러짐,[2]환경요인,우천 시 유입된 빗물에 의한 미끄러짐,주의 표지판 설치,2
인천 1호선,[3221]가상역,2025.12.25,승강장 안전문 끼임,[3]기술요인,PSD 오작동으로 승객 신체 일부 끼임,수동 개방 및 안전 확인,3
인천 1호선,[3112]가상역,2025.01.21,에스컬레이터 넘어짐,[1]인적요인,핸드레일 미지지로 인한 승객 전도,CCTV 확인 및 현장 조치,2
인천 1호선,[3187]가상역,2025.05.10,승강장 안전문 끼임,[3]기술요인,PSD 오작동으로 승객 신체 일부 끼임,수동 개방 및 안전 확인,1
인천 2호선,[3134]가상역,2025.12.31,에스컬레이터 넘어짐,[1]인적요인,핸드레일 미지지로 인한 승객 전도,CCTV 확인 및 현장 조치,4
인천 2호선,[3161]가상역,2025.10.17,대합실 바닥 미끄러짐,[2]환경요인,우천 시 유입된 빗물에 의한 미끄러짐,주의 표지판 설치,4
인천 2호선,[3185]가상역,2025.11.13,에스컬레이터 넘어짐,[1]인적요인,핸드레일 미지지로 인한 승객 전도,CCTV 확인 및 현장 조치,3
인천 1호선,[3097]가상역,2025.06.13,에스컬레이터 넘어짐,[1]인적요인,핸드레일 미지지로 인한 승객 전도,CCTV 확인 및 현장 조치,2
인천 2호선,[3224]가상역,2025.09.07,에스컬레이터 넘어짐,[1]인적요인,핸드레일 미지지로 인한 승객 전도,CCTV 확인 및 현장 조치,2
인천 1호선,[3007]가상역,2025.04.12,승강장 안전문 끼임,[3]기술요인,PSD 오작동으로 승객 신체 일부 끼임,수동 개방 및 안전 확인,3
인천 2호선,[3256]가상역,2025.10.05,에스컬레이터 넘어짐,[1]인적요인,핸드레일 미지지로 인한 승객 전도,CCTV 확인 및 현장 조치,3
인천 2호선,[3008]가상역,2025.05.04,에스컬레이터 넘어짐,[1]인적요인,핸드레일 미지지로 인한 승객 전도,CCTV 확인 및 현장 조치,3
인천 2호선,[3270]가상역,2025.08.08,승강장 안전문 끼임,[3]기술요인,PSD 오작동으로 승객 신체 일부 끼임,수동 개방 및 안전 확인,3
인천 1호선,[3211]가상역,2025.07.04,대합실 바닥 미끄러짐,[2]환경요인,우천 시 유입된 빗물에 의한 미끄러짐,주의 표지판 설치,5
인천 2호선,[3050]가상역,2025.12.17,대합실 바닥 미끄러짐,[2]환경요인,우천 시 유입된 빗물에 의한 미끄러짐,주의 표지판 설치,4
인천 1호선,[3108]가상역,2025.01.20,에스컬레이터 넘어짐,[1]인적요인,핸드레일 미지지로 인한 승객 전도,CCTV 확인 및 현장 조치,4
인천 2호선,[3293]가상역,2025.06.29,역사 내 대형 화재,[2]환경요인,전기실 단락으로 인한 화재 발생,승객 대피 및 소방서 협조,4
인천 2호선,[3176]가상역,2025.07.18,에스컬레이터 넘어짐,[1]인적요인,핸드레일 미지지로 인한 승객 전도,CCTV 확인 및 현장 조치,1
인천 1호선,[3057]가상역,2025.06.06,대합실 바닥 미끄러짐,[2]환경요인,우천 시 유입된 빗물에 의한 미끄러짐,주의 표지판 설치,1
인천 2호선,[3082]가상역,2025.05.12,에스컬레이터 넘어짐,[1]인적요인,핸드레일 미지지로 인한 승객 전도,CCTV 확인 및 현장 조치,1
인천 1호선,[3035]가상역,2025.06.13,에스컬레이터 넘어짐,[1]인적요인,핸드레일 미지지로 인한 승객 전도,CCTV 확인 및 현장 조치,4
인천 2호선,[3021]가상역,2025.07.27,에스컬레이터 넘어짐,[1]인적요인,핸드레일 미지지로 인한 승객 전도,CCTV 확인 및 현장 조치,1
인천 1호선,[3058]가상역,2025.05.23,승강장 안전문 끼임,[3]기술요인,PSD 오작동으로 승객 신체 일부 끼임,수동 개방 및 안전 확인,1
인천 2호선,[3234]가상역,2025.02.16,에스컬레이터 넘어짐,[1]인적요인,핸드레일 미지지로 인한 승객 전도,CCTV 확인 및 현장 조치,1
인천 2호선,[3222]가상역,2025.11.15,대합실 바닥 미끄러짐,[2]환경요인,우천 시 유입된 빗물에 의한 미끄러짐,주의 표지판 설치,1
인천 2호선,[3010]가상역,2025.07.31,대합실 바닥 미끄러짐,[2]환경요인,우천 시 유입된 빗물에 의한 미끄러짐,주의 표지판 설치,4
인천 1호선,[3215]가상역,2025.03.21,대합실 바닥 미끄러짐,[2]환경요인,우천 시 유입된 빗물에 의한 미끄러짐,주의 표지판 설치,4
인천 1호선,[3207]가상역,2025.01.02,역사 내 대형 화재,[2]환경요인,전기실 단락으로 인한 화재 발생,승객 대피 및 소방서 협조,3
인천 1호선,[3141]가상역,2025.03.03,에스컬레이터 넘어짐,[1]인적요인,핸드레일 미지지로 인한 승객 전도,CCTV 확인 및 현장 조치,2
인천 2호선,[3300]가상역,2025.10.24,에스컬레이터 넘어짐,[1]인적요인,핸드레일 미지지로 인한 승객 전도,CCTV 확인 및 현장 조치,2
인천 2호선,[3128]가상역,2025.01.11,대합실 바닥 미끄러짐,[2]환경요인,우천 시 유입된 빗물에 의한 미끄러짐,주의 표지판 설치,4
인천 1호선,[3195]가상역,2025.12.08,에스컬레이터 넘어짐,[1]인적요인,핸드레일 미지지로 인한 승객 전도,CCTV 확인 및 현장 조치,1
인천 1호선,[3123]가상역,2025.05.22,에스컬레이터 넘어짐,[1]인적요인,핸드레일 미지지로 인한 승객 전도,CCTV 확인 및 현장 조치,5
인천 2호선,[3116]가상역,2025.12.14,에스컬레이터 넘어짐,[1]인적요인,핸드레일 미지지로 인한 승객 전도,CCTV 확인 및 현장 조치,1
인천 1호선,[3287]가상역,2025.07.24,역사 내 대형 화재,[2]환경요인,전기실 단락으로 인한 화재 발생,승객 대피 및 소방서 협조,5
인천 1호선,[3115]가상역,2025.11.04,대합실 바닥 미끄러짐,[2]환경요인,우천 시 유입된 빗물에 의한 미끄러짐,주의 표지판 설치,4
인천 1호선,[3023]가상역,2025.10.19,에스컬레이터 넘어짐,[1]인적요인,핸드레일 미지지로 인한 승객 전도,CCTV 확인 및 현장 조치,3
인천 2호선,[3247]가상역,2025.02.04,대합실 바닥 미끄러짐,[2]환경요인,우천 시 유입된 빗물에 의한 미끄러짐,주의 표지판 설치,4
인천 1호선,[3229]가상역,2025.01.19,에스컬레이터 넘어짐,[1]인적요인,핸드레일 미지지로 인한 승객 전도,CCTV 확인 및 현장 조치,4
인천 1호선,[3254]가상역,2025.12.21,에스컬레이터 넘어짐,[1]인적요인,핸드레일 미지지로 인한 승객 전도,CCTV 확인 및 현장 조치,3
인천 1호선,[3209]가상역,2025.04.25,에스컬레이터 넘어짐,[1]인적요인,핸드레일 미지지로 인한 승객 전도,CCTV 확인 및 현장 조치,3
인천 1호선,[3061]가상역,2025.09.10,에스컬레이터 넘어짐,[1]인적요인,핸드레일 미지지로 인한 승객 전도,CCTV 확인 및 현장 조치,4
인천 1호선,[3082]가상역,2025.01.05,대합실 바닥 미끄러짐,[2]환경요인,우천 시 유입된 빗물에 의한 미끄러짐,주의 표지판 설치,5
인천 1호선,[3249]가상역,2025.01.28,에스컬레이터 넘어짐,[1]인적요인,핸드레일 미지지로 인한 승객 전도,CCTV 확인 및 현장 조치,3
인천 1호선,[3034]가상역,2025.02.12,에스컬레이터 넘어짐,[1]인적요인,핸드레일 미지지로 인한 승객 전도,CCTV 확인 및 현장 조치,1
인천 1호선,[3213]가상역,2025.12.31,대합실 바닥 미끄러짐,[2]환경요인,우천 시 유입된 빗물에 의한 미끄러짐,주의 표지판 설치,1
인천 1호선,[3047]가상역,2025.09.20,에스컬레이터 넘어짐,[1]인적요인,핸드레일 미지지로 인한 승객 전도,CCTV 확인 및 현장 조치,5
인천 2호선,[3093]가상역,2025.10.14,에스컬레이터 넘어짐,[1]인적요인,핸드레일 미지지로 인한 승객 전도,CCTV 확인 및 현장 조치,5
인천 2호선,[3136]가상역,2025.11.18,에스컬레이터 넘어짐,[1]인적요인,핸드레일 미지지로 인한 승객 전도,CCTV 확인 및 현장 조치,1
인천 2호선,[3055]가상역,2025.03.18,에스컬레이터 넘어짐,[1]인적요인,핸드레일 미지지로 인한 승객 전도,CCTV 확인 및 현장 조치,5
인천 2호선,[3094]가상역,2025.12.06,승강장 안전문 끼임,[3]기술요인,PSD 오작동으로 승객 신체 일부 끼임,수동 개방 및 안전 확인,2
인천 2호선,[3119]가상역,2025.04.14,에스컬레이터 넘어짐,[1]인적요인,핸드레일 미지지로 인한 승객 전도,CCTV 확인 및 현장 조치,3
인천 1호선,[3019]가상역,2025.11.07,대합실 바닥 미끄러짐,[2]환경요인,우천 시 유입된 빗물에 의한 미끄러짐,주의 표지판 설치,4
인천 2호선,[3006]가상역,2025.06.24,대합실 바닥 미끄러짐,[2]환경요인,우천 시 유입된 빗물에 의한 미끄러짐,주의 표지판 설치,3
인천 2호선,[3002]가상역,2025.05.03,대합실 바닥 미끄러짐,[2]환경요인,우천 시 유입된 빗물에 의한 미끄러짐,주의 표지판 설치,5
인천 2호선,[3068]가상역,2025.03.19,에스컬레이터 넘어짐,[1]인적요인,핸드레일 미지지로 인한 승객 전도,CCTV 확인 및 현장 조치,1
인천 1호선,[3060]가상역,2025.02.04,대합실 바닥 미끄러짐,[2]환경요인,우천 시 유입된 빗물에 의한 미끄러짐,주의 표지판 설치,5
인천 2호선,[3100]가상역,2025.12.30,에스컬레이터 넘어짐,[1]인적요인,핸드레일 미지지로 인한 승객 전도,CCTV 확인 및 현장 조치,1
인천 1호선,[3110]가상역,2025.12.16,열차 충돌 사고,[3]기술요인,신호 오작동으로 인한 열차 간 측면 충돌 발생,현장 통제 및 운행 중단,2
인천 1호선,[3146]가상역,2025.08.26,에스컬레이터 넘어짐,[1]인적요인,핸드레일 미지지로 인한 승객 전도,CCTV 확인 및 현장 조치,3
인천 1호선,[3102]가상역,2025.11.25,에스컬레이터 넘어짐,[1]인적요인,핸드레일 미지지로 인한 승객 전도,CCTV 확인 및 현장 조치,5
인천 1호선,[3298]가상역,2025.02.03,대합실 바닥 미끄러짐,[2]환경요인,우천 시 유입된 빗물에 의한 미끄러짐,주의 표지판 설치,3
인천 1호선,[3063]가상역,2025.12.29,에스컬레이터 넘어짐,[1]인적요인,핸드레일 미지지로 인한 승객 전도,CCTV 확인 및 현장 조치,4
인천 1호선,[3075]가상역,2025.06.22,승강장 안전문 끼임,[3]기술요인,PSD 오작동으로 승객 신체 일부 끼임,수동 개방 및 안전 확인,2
인천 1호선,[3134]가상역,2025.09.15,대합실 바닥 미끄러짐,[2]환경요인,우천 시 유입된 빗물에 의한 미끄러짐,주의 표지판 설치,4
인천 1호선,[3267]가상역,2025.03.16,에스컬레이터 넘어짐,[1]인적요인,핸드레일 미지지로 인한 승객 전도,CCTV 확인 및 현장 조치,5
인천 2호선,[3016]가상역,2025.02.15,승강장 안전문 끼임,[3]기술요인,PSD 오작동으로 승객 신체 일부 끼임,수동 개방 및 안전 확인,1
인천 2호선,[3017]가상역,2025.08.10,에스컬레이터 넘어짐,[1]인적요인,핸드레일 미지지로 인한 승객 전도,CCTV 확인 및 현장 조치,4
인천 2호선,[3159]가상역,2025.11.29,에스컬레이터 넘어짐,[1]인적요인,핸드레일 미지지로 인한 승객 전도,CCTV 확인 및 현장 조치,1
인천 1호선,[3170]가상역,2025.10.02,대합실 바닥 미끄러짐,[2]환경요인,우천 시 유입된 빗물에 의한 미끄러짐,주의 표지판 설치,2
인천 1호선,[3145]가상역,2025.02.07,대합실 바닥 미끄러짐,[2]환경요인,우천 시 유입된 빗물에 의한 미끄러짐,주의 표지판 설치,1
인천 1호선,[3093]가상역,2025.07.11,에스컬레이터 넘어짐,[1]인적요인,핸드레일 미지지로 인한 승객 전도,CCTV 확인 및 현장 조치,4
인천 1호선,[3011]가상역,2025.08.10,대합실 바닥 미끄러짐,[2]환경요인,우천 시 유입된 빗물에 의한 미끄러짐,주의 표지판 설치,3
인천 1호선,[3063]가상역,2025.05.19,승강장 안전문 끼임,[3]기술요인,PSD 오작동으로 승객 신체 일부 끼임,수동 개방 및 안전 확인,2
인천 1호선,[3150]가상역,2025.10.06,대합실 바닥 미끄러짐,[2]환경요인,우천 시 유입된 빗물에 의한 미끄러짐,주의 표지판 설치,1
인천 2호선,[3028]가상역,2025.10.20,대합실 바닥 미끄러짐,[2]환경요인,우천 시 유입된 빗물에 의한 미끄러짐,주의 표지판 설치,5
인천 1호선,[3144]가상역,2025.03.21,대합실 바닥 미끄러짐,[2]환경요인,우천 시 유입된 빗물에 의한 미끄러짐,주의 표지판 설치,4
인천 2호선,[3169]가상역,2025.06.28,대합실 바닥 미끄러짐,[2]환경요인,우천 시 유입된 빗물에 의한 미끄러짐,주의 표지판 설치,4
인천 2호선,[3184]가상역,2025.06.10,대합실 바닥 미끄러짐,[2]환경요인,우천 시 유입된 빗물에 의한 미끄러짐,주의 표지판 설치,5
인천 2호선,[3229]가상역,2025.01.17,대합실 바닥 미끄러짐,[2]환경요인,우천 시 유입된 빗물에 의한 미끄러짐,주의 표지판 설치,2
인천 2호선,[3203]가상역,2025.04.25,대합실 바닥 미끄러짐,[2]환경요인,우천 시 유입된 빗물에 의한 미끄러짐,주의 표지판 설치,1
인천 1호선,[3013]가상역,2025.08.31,에스컬레이터 넘어짐,[1]인적요인,핸드레일 미지지로 인한 승객 전도,CCTV 확인 및 현장 조치,5
인천 1호선,[3076]가상역,2025.05.27,에스컬레이터 넘어짐,[1]인적요인,핸드레일 미지지로 인한 승객 전도,CCTV 확인 및 현장 조치,1
인천 2호선,[3141]가상역,2025.06.20,대합실 바닥 미끄러짐,[2]환경요인,우천 시 유입된 빗물에 의한 미끄러짐,주의 표지판 설치,3
인천 1호선,[3170]가상역,2025.01.02,대합실 바닥 미끄러짐,[2]환경요인,우천 시 유입된 빗물에 의한 미끄러짐,주의 표지판 설치,3
인천 2호선,[3042]가상역,2025.11.13,에스컬레이터 넘어짐,[1]인적요인,핸드레일 미지지로 인한 승객 전도,CCTV 확인 및 현장 조치,4
인천 1호선,[3292]가상역,2025.04.08,에스컬레이터 넘어짐,[1]인적요인,핸드레일 미지지로 인한 승객 전도,CCTV 확인 및 현장 조치,1
인천 2호선,[3185]가상역,2025.11.18,에스컬레이터 넘어짐,[1]인적요인,핸드레일 미지지로 인한 승객 전도,CCTV 확인 및 현장 조치,5
인천 2호선,[3199]가상역,2025.02.06,에스컬레이터 넘어짐,[1]인적요인,핸드레일 미지지로 인한 승객 전도,CCTV 확인 및 현장 조치,5
인천 2호선,[3286]가상역,2025.08.17,에스컬레이터 넘어짐,[1]인적요인,핸드레일 미지지로 인한 승객 전도,CCTV 확인 및 현장 조치,4
인천 1호선,[3220]가상역,2025.07.08,에스컬레이터 넘어짐,[1]인적요인,핸드레일 미지지로 인한 승객 전도,CCTV 확인 및 현장 조치,2
인천 2호선,[3294]가상역,2025.10.23,에스컬레이터 넘어짐,[1]인적요인,핸드레일 미지지로 인한 승객 전도,CCTV 확인 및 현장 조치,4
인천 1호선,[3216]가상역,2025.01.07,대합실 바닥 미끄러짐,[2]환경요인,우천 시 유입된 빗물에 의한 미끄러짐,주의 표지판 설치,1
인천 2호선,[3183]가상역,2025.10.10,에스컬레이터 넘어짐,[1]인적요인,핸드레일 미지지로 인한 승객 전도,CCTV 확인 및 현장 조치,2
인천 2호선,[3174]가상역,2025.03.13,대합실 바닥 미끄러짐,[2]환경요인,우천 시 유입된 빗물에 의한 미끄러짐,주의 표지판 설치,1
인천 2호선,[3082]가상역,2025.08.05,에스컬레이터 넘어짐,[1]인적요인,핸드레일 미지지로 인한 승객 전도,CCTV 확인 및 현장 조치,4
인천 2호선,[3276]가상역,2025.05.04,승강장 안전문 끼임,[3]기술요인,PSD 오작동으로 승객 신체 일부 끼임,수동 개방 및 안전 확인,2
인천 1호선,[3133]가상역,2025.10.19,에스컬레이터 넘어짐,[1]인적요인,핸드레일 미지지로 인한 승객 전도,CCTV 확인 및 현장 조치,5
인천 2호선,[3025]가상역,2025.02.11,에스컬레이터 넘어짐,[1]인적요인,핸드레일 미지지로 인한 승객 전도,CCTV 확인 및 현장 조치,4
인천 1호선,[3053]가상역,2025.11.26,대합실 바닥 미끄러짐,[2]환경요인,우천 시 유입된 빗물에 의한 미끄러짐,주의 표지판 설치,5
인천 1호선,[3287]가상역,2025.12.25,대합실 바닥 미끄러짐,[2]환경요인,우천 시 유입된 빗물에 의한 미끄러짐,주의 표지판 설치,5
인천 1호선,[3092]가상역,2025.11.11,에스컬레이터 넘어짐,[1]인적요인,핸드레일 미지지로 인한 승객 전도,CCTV 확인 및 현장 조치,4
인천 1호선,[3152]가상역,2025.08.24,승강장 안전문 끼임,[3]기술요인,PSD 오작동으로 승객 신체 일부 끼임,수동 개방 및 안전 확인,1
인천 2호선,[3146]가상역,2025.02.28,에스컬레이터 넘어짐,[1]인적요인,핸드레일 미지지로 인한 승객 전도,CCTV 확인 및 현장 조치,4
인천 2호선,[3188]가상역,2025.11.30,에스컬레이터 넘어짐,[1]인적요인,핸드레일 미지지로 인한 승객 전도,CCTV 확인 및 현장 조치,5
인천 2호선,[3073]가상역,2025.09.17,에스컬레이터 넘어짐,[1]인적요인,핸드레일 미지지로 인한 승객 전도,CCTV 확인 및 현장 조치,2
인천 2호선,[3239]가상역,2025.05.03,에스컬레이터 넘어짐,[1]인적요인,핸드레일 미지지로 인한 승객 전도,CCTV 확인 및 현장 조치,4
인천 2호선,[3264]가상역,2025.10.04,대합실 바닥 미끄러짐,[2]환경요인,우천 시 유입된 빗물에 의한 미끄러짐,주의 표지판 설치,4
인천 1호선,[3090]가상역,2025.06.08,에스컬레이터 넘어짐,[1]인적요인,핸드레일 미지지로 인한 승객 전도,CCTV 확인 및 현장 조치,2
인천 1호선,[3138]가상역,2025.11.22,에스컬레이터 넘어짐,[1]인적요인,핸드레일 미지지로 인한 승객 전도,CCTV 확인 및 현장 조치,5
인천 2호선,[3273]가상역,2025.09.23,대합실 바닥 미끄러짐,[2]환경요인,우천 시 유입된 빗물에 의한 미끄러짐,주의 표지판 설치,3
인천 2호선,[3276]가상역,2025.04.18,에스컬레이터 넘어짐,[1]인적요인,핸드레일 미지지로 인한 승객 전도,CCTV 확인 및 현장 조치,3
인천 1호선,[3161]가상역,2025.12.05,대합실 바닥 미끄러짐,[2]환경요인,우천 시 유입된 빗물에 의한 미끄러짐,주의 표지판 설치,1
인천 2호선,[3265]가상역,2025.10.18,대합실 바닥 미끄러짐,[2]환경요인,우천 시 유입된 빗물에 의한 미끄러짐,주의 표지판 설치,1
인천 1호선,[3024]가상역,2025.10.29,열차 충돌 사고,[3]기술요인,신호 오작동으로 인한 열차 간 측면 충돌 발생,현장 통제 및 운행 중단,3
인천 2호선,[3167]가상역,2025.08.28,대합실 바닥 미끄러짐,[2]환경요인,우천 시 유입된 빗물에 의한 미끄러짐,주의 표지판 설치,1
인천 2호선,[3116]가상역,2025.06.06,대합실 바닥 미끄러짐,[2]환경요인,우천 시 유입된 빗물에 의한 미끄러짐,주의 표지판 설치,1
인천 2호선,[3261]가상역,2025.05.04,대합실 바닥 미끄러짐,[2]환경요인,우천 시 유입된 빗물에 의한 미끄러짐,주의 표지판 설치,1
인천 1호선,[3079]가상역,2025.03.28,에스컬레이터 넘어짐,[1]인적요인,핸드레일 미지지로 인한 승객 전도,CCTV 확인 및 현장 조치,3
인천 2호선,[3107]가상역,2025.09.23,대합실 바닥 미끄러짐,[2]환경요인,우천 시 유입된 빗물에 의한 미끄러짐,주의 표지판 설치,4
인천 1호선,[3164]가상역,2025.05.15,승강장 안전문 끼임,[3]기술요인,PSD 오작동으로 승객 신체 일부 끼임,수동 개방 및 안전 확인,1
인천 2호선,[3153]가상역,2025.07.03,에스컬레이터 넘어짐,[1]인적요인,핸드레일 미지지로 인한 승객 전도,CCTV 확인 및 현장 조치,4
인천 2호선,[3258]가상역,2025.10.12,에스컬레이터 넘어짐,[1]인적요인,핸드레일 미지지로 인한 승객 전도,CCTV 확인 및 현장 조치,3
인천 2호선,[3016]가상역,2025.07.27,에스컬레이터 넘어짐,[1]인적요인,핸드레일 미지지로 인한 승객 전도,CCTV 확인 및 현장 조치,1
인천 2호선,[3138]가상역,2025.09.18,대합실 바닥 미끄러짐,[2]환경요인,우천 시 유입된 빗물에 의한 미끄러짐,주의 표지판 설치,3
인천 1호선,[3159]가상역,2025.12.25,에스컬레이터 넘어짐,[1]인적요인,핸드레일 미지지로 인한 승객 전도,CCTV 확인 및 현장 조치,1
인천 2호선,[3212]가상역,2025.10.05,에스컬레이터 넘어짐,[1]인적요인,핸드레일 미지지로 인한 승객 전도,CCTV 확인 및 현장 조치,5
인천 1호선,[3022]가상역,2025.03.09,에스컬레이터 넘어짐,[1]인적요인,핸드레일 미지지로 인한 승객 전도,CCTV 확인 및 현장 조치,5
인천 2호선,[3264]가상역,2025.04.15,에스컬레이터 넘어짐,[1]인적요인,핸드레일 미지지로 인한 승객 전도,CCTV 확인 및 현장 조치,5
인천 2호선,[3161]가상역,2025.02.19,에스컬레이터 넘어짐,[1]인적요인,핸드레일 미지지로 인한 승객 전도,CCTV 확인 및 현장 조치,1
인천 2호선,[3177]가상역,2025.01.27,에스컬레이터 넘어짐,[1]인적요인,핸드레일 미지지로 인한 승객 전도,CCTV 확인 및 현장 조치,4
인천 1호선,[3090]가상역,2025.02.04,대합실 바닥 미끄러짐,[2]환경요인,우천 시 유입된 빗물에 의한 미끄러짐,주의 표지판 설치,3
인천 2호선,[3131]가상역,2025.11.09,대합실 바닥 미끄러짐,[2]환경요인,우천 시 유입된 빗물에 의한 미끄러짐,주의 표지판 설치,3
인천 2호선,[3073]가상역,2025.11.07,대합실 바닥 미끄러짐,[2]환경요인,우천 시 유입된 빗물에 의한 미끄러짐,주의 표지판 설치,2
인천 1호선,[3213]가상역,2025.11.18,대합실 바닥 미끄러짐,[2]환경요인,우천 시 유입된 빗물에 의한 미끄러짐,주의 표지판 설치,2
인천 2호선,[3030]가상역,2025.01.31,대합실 바닥 미끄러짐,[2]환경요인,우천 시 유입된 빗물에 의한 미끄러짐,주의 표지판 설치,2
인천 1호선,[3104]가상역,2025.02.17,승강장 안전문 끼임,[3]기술요인,PSD 오작동으로 승객 신체 일부 끼임,수동 개방 및 안전 확인,3
인천 1호선,[3212]가상역,2025.10.09,에스컬레이터 넘어짐,[1]인적요인,핸드레일 미지지로 인한 승객 전도,CCTV 확인 및 현장 조치,4
인천 2호선,[3238]가상역,2025.10.08,대합실 바닥 미끄러짐,[2]환경요인,우천 시 유입된 빗물에 의한 미끄러짐,주의 표지판 설치,3
인천 1호선,[3034]가상역,2025.04.29,승강장 안전문 끼임,[3]기술요인,PSD 오작동으로 승객 신체 일부 끼임,수동 개방 및 안전 확인,1
인천 2호선,[3061]가상역,2025.07.05,대합실 바닥 미끄러짐,[2]환경요인,우천 시 유입된 빗물에 의한 미끄러짐,주의 표지판 설치,2
인천 1호선,[3002]가상역,2025.10.08,에스컬레이터 넘어짐,[1]인적요인,핸드레일 미지지로 인한 승객 전도,CCTV 확인 및 현장 조치,4
인천 2호선,[3111]가상역,2025.03.18,에스컬레이터 넘어짐,[1]인적요인,핸드레일 미지지로 인한 승객 전도,CCTV 확인 및 현장 조치,5
인천 2호선,[3130]가상역,2025.03.30,대합실 바닥 미끄러짐,[2]환경요인,우천 시 유입된 빗물에 의한 미끄러짐,주의 표지판 설치,5
인천 1호선,[3023]가상역,2025.08.19,대합실 바닥 미끄러짐,[2]환경요인,우천 시 유입된 빗물에 의한 미끄러짐,주의 표지판 설치,4
인천 2호선,[3121]가상역,2025.03.27,대합실 바닥 미끄러짐,[2]환경요인,우천 시 유입된 빗물에 의한 미끄러짐,주의 표지판 설치,5
인천 1호선,[3194]가상역,2025.05.11,에스컬레이터 넘어짐,[1]인적요인,핸드레일 미지지로 인한 승객 전도,CCTV 확인 및 현장 조치,4
인천 1호선,[3179]가상역,2025.12.06,에스컬레이터 넘어짐,[1]인적요인,핸드레일 미지지로 인한 승객 전도,CCTV 확인 및 현장 조치,4
인천 2호선,[3074]가상역,2025.01.07,승강장 안전문 끼임,[3]기술요인,PSD 오작동으로 승객 신체 일부 끼임,수동 개방 및 안전 확인,4
인천 2호선,[3251]가상역,2025.03.28,대합실 바닥 미끄러짐,[2]환경요인,우천 시 유입된 빗물에 의한 미끄러짐,주의 표지판 설치,5
인천 1호선,[3162]가상역,2025.10.07,대합실 바닥 미끄러짐,[2]환경요인,우천 시 유입된 빗물에 의한 미끄러짐,주의 표지판 설치,1
인천 1호선,[3214]가상역,2025.11.01,에스컬레이터 넘어짐,[1]인적요인,핸드레일 미지지로 인한 승객 전도,CCTV 확인 및 현장 조치,2
인천 2호선,[3236]가상역,2025.03.04,에스컬레이터 넘어짐,[1]인적요인,핸드레일 미지지로 인한 승객 전도,CCTV 확인 및 현장 조치,2
인천 1호선,[3014]가상역,2025.02.03,에스컬레이터 넘어짐,[1]인적요인,핸드레일 미지지로 인한 승객 전도,CCTV 확인 및 현장 조치,5
인천 2호선,[3161]가상역,2025.11.25,대합실 바닥 미끄러짐,[2]환경요인,우천 시 유입된 빗물에 의한 미끄러짐,주의 표지판 설치,5
인천 2호선,[3000]가상역,2025.07.13,에스컬레이터 넘어짐,[1]인적요인,핸드레일 미지지로 인한 승객 전도,CCTV 확인 및 현장 조치,1
인천 2호선,[3190]가상역,2025.06.26,에스컬레이터 넘어짐,[1]인적요인,핸드레일 미지지로 인한 승객 전도,CCTV 확인 및 현장 조치,4
인천 1호선,[3266]가상역,2025.02.23,승강장 안전문 끼임,[3]기술요인,PSD 오작동으로 승객 신체 일부 끼임,수동 개방 및 안전 확인,1
인천 1호선,[3278]가상역,2025.05.11,에스컬레이터 넘어짐,[1]인적요인,핸드레일 미지지로 인한 승객 전도,CCTV 확인 및 현장 조치,5
인천 2호선,[3188]가상역,2025.05.24,대합실 바닥 미끄러짐,[2]환경요인,우천 시 유입된 빗물에 의한 미끄러짐,주의 표지판 설치,2
인천 2호선,[3211]가상역,2025.10.25,대합실 바닥 미끄러짐,[2]환경요인,우천 시 유입된 빗물에 의한 미끄러짐,주의 표지판 설치,5
인천 2호선,[3253]가상역,2025.11.21,대합실 바닥 미끄러짐,[2]환경요인,우천 시 유입된 빗물에 의한 미끄러짐,주의 표지판 설치,2
인천 2호선,[3048]가상역,2025.06.13,대합실 바닥 미끄러짐,[2]환경요인,우천 시 유입된 빗물에 의한 미끄러짐,주의 표지판 설치,5
인천 1호선,[3059]가상역,2025.10.17,대합실 바닥 미끄러짐,[2]환경요인,우천 시 유입된 빗물에 의한 미끄러짐,주의 표지판 설치,5
인천 1호선,[3143]가상역,2025.06.12,대합실 바닥 미끄러짐,[2]환경요인,우천 시 유입된 빗물에 의한 미끄러짐,주의 표지판 설치,4
인천 2호선,[3214]가상역,2025.09.05,대합실 바닥 미끄러짐,[2]환경요인,우천 시 유입된 빗물에 의한 미끄러짐,주의 표지판 설치,5
인천 2호선,[3197]가상역,2025.07.15,에스컬레이터 넘어짐,[1]인적요인,핸드레일 미지지로 인한 승객 전도,CCTV 확인 및 현장 조치,4
인천 2호선,[3089]가상역,2025.11.16,대합실 바닥 미끄러짐,[2]환경요인,우천 시 유입된 빗물에 의한 미끄러짐,주의 표지판 설치,3
인천 1호선,[3253]가상역,2025.08.30,대합실 바닥 미끄러짐,[2]환경요인,우천 시 유입된 빗물에 의한 미끄러짐,주의 표지판 설치,2
인천 1호선,[3235]가상역,2025.02.18,대합실 바닥 미끄러짐,[2]환경요인,우천 시 유입된 빗물에 의한 미끄러짐,주의 표지판 설치,2
인천 1호선,[3080]가상역,2025.08.05,에스컬레이터 넘어짐,[1]인적요인,핸드레일 미지지로 인한 승객 전도,CCTV 확인 및 현장 조치,2
인천 2호선,[3106]가상역,2025.12.09,대합실 바닥 미끄러짐,[2]환경요인,우천 시 유입된 빗물에 의한 미끄러짐,주의 표지판 설치,1
인천 1호선,[3292]가상역,2025.07.27,승강장 안전문 끼임,[3]기술요인,PSD 오작동으로 승객 신체 일부 끼임,수동 개방 및 안전 확인,4
인천 2호선,[3232]가상역,2025.03.19,에스컬레이터 넘어짐,[1]인적요인,핸드레일 미지지로 인한 승객 전도,CCTV 확인 및 현장 조치,5
인천 1호선,[3117]가상역,2025.02.16,승강장 안전문 끼임,[3]기술요인,PSD 오작동으로 승객 신체 일부 끼임,수동 개방 및 안전 확인,4
인천 2호선,[3281]가상역,2025.05.31,대합실 바닥 미끄러짐,[2]환경요인,우천 시 유입된 빗물에 의한 미끄러짐,주의 표지판 설치,4
인천 2호선,[3017]가상역,2025.11.17,승강장 안전문 끼임,[3]기술요인,PSD 오작동으로 승객 신체 일부 끼임,수동 개방 및 안전 확인,2
인천 1호선,[3068]가상역,2025.09.10,대합실 바닥 미끄러짐,[2]환경요인,우천 시 유입된 빗물에 의한 미끄러짐,주의 표지판 설치,3
인천 1호선,[3194]가상역,2025.12.12,에스컬레이터 넘어짐,[1]인적요인,핸드레일 미지지로 인한 승객 전도,CCTV 확인 및 현장 조치,4
인천 1호선,[3250]가상역,2025.01.08,에스컬레이터 넘어짐,[1]인적요인,핸드레일 미지지로 인한 승객 전도,CCTV 확인 및 현장 조치,5
인천 2호선,[3037]가상역,2025.06.04,에스컬레이터 넘어짐,[1]인적요인,핸드레일 미지지로 인한 승객 전도,CCTV 확인 및 현장 조치,5
인천 2호선,[3245]가상역,2025.11.08,에스컬레이터 넘어짐,[1]인적요인,핸드레일 미지지로 인한 승객 전도,CCTV 확인 및 현장 조치,4
인천 1호선,[3262]가상역,2025.10.25,에스컬레이터 넘어짐,[1]인적요인,핸드레일 미지지로 인한 승객 전도,CCTV 확인 및 현장 조치,2
인천 1호선,[3030]가상역,2025.01.21,대합실 바닥 미끄러짐,[2]환경요인,우천 시 유입된 빗물에 의한 미끄러짐,주의 표지판 설치,5
인천 2호선,[3162]가상역,2025.08.28,대합실 바닥 미끄러짐,[2]환경요인,우천 시 유입된 빗물에 의한 미끄러짐,주의 표지판 설치,2
인천 1호선,[3065]가상역,2025.12.20,대합실 바닥 미끄러짐,[2]환경요인,우천 시 유입된 빗물에 의한 미끄러짐,주의 표지판 설치,5
인천 1호선,[3077]가상역,2025.02.24,대합실 바닥 미끄러짐,[2]환경요인,우천 시 유입된 빗물에 의한 미끄러짐,주의 표지판 설치,4
인천 1호선,[3091]가상역,2025.12.08,에스컬레이터 넘어짐,[1]인적요인,핸드레일 미지지로 인한 승객 전도,CCTV 확인 및 현장 조치,3
인천 2호선,[3293]가상역,2025.08.28,대합실 바닥 미끄러짐,[2]환경요인,우천 시 유입된 빗물에 의한 미끄러짐,주의 표지판 설치,2
인천 2호선,[3198]가상역,2025.09.02,대합실 바닥 미끄러짐,[2]환경요인,우천 시 유입된 빗물에 의한 미끄러짐,주의 표지판 설치,4
인천 1호선,[3174]가상역,2025.05.15,대합실 바닥 미끄러짐,[2]환경요인,우천 시 유입된 빗물에 의한 미끄러짐,주의 표지판 설치,5
인천 2호선,[3211]가상역,2025.07.14,에스컬레이터 넘어짐,[1]인적요인,핸드레일 미지지로 인한 승객 전도,CCTV 확인 및 현장 조치,2
인천 2호선,[3028]가상역,2025.01.12,대합실 바닥 미끄러짐,[2]환경요인,우천 시 유입된 빗물에 의한 미끄러짐,주의 표지판 설치,2
인천 1호선,[3232]가상역,2025.12.17,에스컬레이터 넘어짐,[1]인적요인,핸드레일 미지지로 인한 승객 전도,CCTV 확인 및 현장 조치,2
인천 2호선,[3236]가상역,2025.12.06,승강장 안전문 끼임,[3]기술요인,PSD 오작동으로 승객 신체 일부 끼임,수동 개방 및 안전 확인,4
인천 1호선,[3230]가상역,2025.03.03,대합실 바닥 미끄러짐,[2]환경요인,우천 시 유입된 빗물에 의한 미끄러짐,주의 표지판 설치,5
인천 2호선,[3263]가상역,2025.03.26,에스컬레이터 넘어짐,[1]인적요인,핸드레일 미지지로 인한 승객 전도,CCTV 확인 및 현장 조치,2
인천 2호선,[3006]가상역,2025.12.21,대합실 바닥 미끄러짐,[2]환경요인,우천 시 유입된 빗물에 의한 미끄러짐,주의 표지판 설치,3
인천 1호선,[3047]가상역,2025.02.04,에스컬레이터 넘어짐,[1]인적요인,핸드레일 미지지로 인한 승객 전도,CCTV 확인 및 현장 조치,2
인천 1호선,[3247]가상역,2025.02.21,대합실 바닥 미끄러짐,[2]환경요인,우천 시 유입된 빗물에 의한 미끄러짐,주의 표지판 설치,1
인천 1호선,[3185]가상역,2025.12.30,에스컬레이터 넘어짐,[1]인적요인,핸드레일 미지지로 인한 승객 전도,CCTV 확인 및 현장 조치,5
인천 2호선,[3259]가상역,2025.08.15,에스컬레이터 넘어짐,[1]인적요인,핸드레일 미지지로 인한 승객 전도,CCTV 확인 및 현장 조치,3
인천 2호선,[3292]가상역,2025.04.30,에스컬레이터 넘어짐,[1]인적요인,핸드레일 미지지로 인한 승객 전도,CCTV 확인 및 현장 조치,3
인천 1호선,[3030]가상역,2025.11.06,에스컬레이터 넘어짐,[1]인적요인,핸드레일 미지지로 인한 승객 전도,CCTV 확인 및 현장 조치,2
인천 2호선,[3065]가상역,2025.09.28,에스컬레이터 넘어짐,[1]인적요인,핸드레일 미지지로 인한 승객 전도,CCTV 확인 및 현장 조치,1
인천 1호선,[3164]가상역,2025.05.08,대합실 바닥 미끄러짐,[2]환경요인,우천 시 유입된 빗물에 의한 미끄러짐,주의 표지판 설치,1
인천 1호선,[3172]가상역,2025.09.25,에스컬레이터 넘어짐,[1]인적요인,핸드레일 미지지로 인한 승객 전도,CCTV 확인 및 현장 조치,1
인천 1호선,[3162]가상역,2025.04.24,승강장 안전문 끼임,[3]기술요인,PSD 오작동으로 승객 신체 일부 끼임,수동 개방 및 안전 확인,3
인천 2호선,[3107]가상역,2025.09.03,에스컬레이터 넘어짐,[1]인적요인,핸드레일 미지지로 인한 승객 전도,CCTV 확인 및 현장 조치,1
인천 1호선,[3221]가상역,2025.06.14,대합실 바닥 미끄러짐,[2]환경요인,우천 시 유입된 빗물에 의한 미끄러짐,주의 표지판 설치,1
인천 2호선,[3284]가상역,2025.08.05,에스컬레이터 넘어짐,[1]인적요인,핸드레일 미지지로 인한 승객 전도,CCTV 확인 및 현장 조치,5
인천 1호선,[3092]가상역,2025.07.23,대합실 바닥 미끄러짐,[2]환경요인,우천 시 유입된 빗물에 의한 미끄러짐,주의 표지판 설치,1
인천 2호선,[3158]가상역,2025.04.22,대합실 바닥 미끄러짐,[2]환경요인,우천 시 유입된 빗물에 의한 미끄러짐,주의 표지판 설치,5
인천 2호선,[3027]가상역,2025.02.27,대합실 바닥 미끄러짐,[2]환경요인,우천 시 유입된 빗물에 의한 미끄러짐,주의 표지판 설치,1
인천 1호선,[3039]가상역,2025.08.06,에스컬레이터 넘어짐,[1]인적요인,핸드레일 미지지로 인한 승객 전도,CCTV 확인 및 현장 조치,2
인천 1호선,[3271]가상역,2025.11.13,승강장 안전문 끼임,[3]기술요인,PSD 오작동으로 승객 신체 일부 끼임,수동 개방 및 안전 확인,3
인천 1호선,[3262]가상역,2025.12.06,에스컬레이터 넘어짐,[1]인적요인,핸드레일 미지지로 인한 승객 전도,CCTV 확인 및 현장 조치,5
인천 1호선,[3053]가상역,2025.03.18,대합실 바닥 미끄러짐,[2]환경요인,우천 시 유입된 빗물에 의한 미끄러짐,주의 표지판 설치,5
인천 1호선,[3034]가상역,2025.03.22,대합실 바닥 미끄러짐,[2]환경요인,우천 시 유입된 빗물에 의한 미끄러짐,주의 표지판 설치,4
인천 1호선,[3020]가상역,2025.07.11,에스컬레이터 넘어짐,[1]인적요인,핸드레일 미지지로 인한 승객 전도,CCTV 확인 및 현장 조치,5
인천 2호선,[3236]가상역,2025.11.02,대합실 바닥 미끄러짐,[2]환경요인,우천 시 유입된 빗물에 의한 미끄러짐,주의 표지판 설치,4
인천 2호선,[3220]가상역,2025.10.18,에스컬레이터 넘어짐,[1]인적요인,핸드레일 미지지로 인한 승객 전도,CCTV 확인 및 현장 조치,5
인천 2호선,[3246]가상역,2025.03.08,에스컬레이터 넘어짐,[1]인적요인,핸드레일 미지지로 인한 승객 전도,CCTV 확인 및 현장 조치,2
인천 1호선,[3083]가상역,2025.03.23,대합실 바닥 미끄러짐,[2]환경요인,우천 시 유입된 빗물에 의한 미끄러짐,주의 표지판 설치,3
인천 1호선,[3271]가상역,2025.04.02,대합실 바닥 미끄러짐,[2]환경요인,우천 시 유입된 빗물에 의한 미끄러짐,주의 표지판 설치,4
인천 1호선,[3165]가상역,2025.05.02,대합실 바닥 미끄러짐,[2]환경요인,우천 시 유입된 빗물에 의한 미끄러짐,주의 표지판 설치,4
인천 1호선,[3063]가상역,2025.07.23,에스컬레이터 넘어짐,[1]인적요인,핸드레일 미지지로 인한 승객 전도,CCTV 확인 및 현장 조치,2
인천 2호선,[3200]가상역,2025.01.12,역사 내 대형 화재,[2]환경요인,전기실 단락으로 인한 화재 발생,승객 대피 및 소방서 협조,1
인천 2호선,[3036]가상역,2025.12.18,대합실 바닥 미끄러짐,[2]환경요인,우천 시 유입된 빗물에 의한 미끄러짐,주의 표지판 설치,2
인천 1호선,[3245]가상역,2025.08.27,대합실 바닥 미끄러짐,[2]환경요인,우천 시 유입된 빗물에 의한 미끄러짐,주의 표지판 설치,4
인천 2호선,[3223]가상역,2025.07.01,대합실 바닥 미끄러짐,[2]환경요인,우천 시 유입된 빗물에 의한 미끄러짐,주의 표지판 설치,5
인천 2호선,[3209]가상역,2025.07.03,대합실 바닥 미끄러짐,[2]환경요인,우천 시 유입된 빗물에 의한 미끄러짐,주의 표지판 설치,3
인천 2호선,[3226]가상역,2025.02.27,대합실 바닥 미끄러짐,[2]환경요인,우천 시 유입된 빗물에 의한 미끄러짐,주의 표지판 설치,5
인천 2호선,[3054]가상역,2025.02.06,대합실 바닥 미끄러짐,[2]환경요인,우천 시 유입된 빗물에 의한 미끄러짐,주의 표지판 설치,2
인천 2호선,[3206]가상역,2025.06.28,에스컬레이터 넘어짐,[1]인적요인,핸드레일 미지지로 인한 승객 전도,CCTV 확인 및 현장 조치,2
인천 2호선,[3118]가상역,2025.05.18,에스컬레이터 넘어짐,[1]인적요인,핸드레일 미지지로 인한 승객 전도,CCTV 확인 및 현장 조치,5
인천 2호선,[3260]가상역,2025.04.03,대합실 바닥 미끄러짐,[2]환경요인,우천 시 유입된 빗물에 의한 미끄러짐,주의 표지판 설치,5
인천 2호선,[3050]가상역,2025.01.24,승강장 안전문 끼임,[3]기술요인,PSD 오작동으로 승객 신체 일부 끼임,수동 개방 및 안전 확인,3
인천 1호선,[3210]가상역,2025.05.12,에스컬레이터 넘어짐,[1]인적요인,핸드레일 미지지로 인한 승객 전도,CCTV 확인 및 현장 조치,2
인천 1호선,[3248]가상역,2025.04.02,대합실 바닥 미끄러짐,[2]환경요인,우천 시 유입된 빗물에 의한 미끄러짐,주의 표지판 설치,3
인천 2호선,[3298]가상역,2025.09.10,에스컬레이터 넘어짐,[1]인적요인,핸드레일 미지지로 인한 승객 전도,CCTV 확인 및 현장 조치,5
인천 1호선,[3236]가상역,2025.01.26,에스컬레이터 넘어짐,[1]인적요인,핸드레일 미지지로 인한 승객 전도,CCTV 확인 및 현장 조치,5
인천 2호선,[3043]가상역,2025.04.07,에스컬레이터 넘어짐,[1]인적요인,핸드레일 미지지로 인한 승객 전도,CCTV 확인 및 현장 조치,2
인천 1호선,[3136]가상역,2025.02.28,대합실 바닥 미끄러짐,[2]환경요인,우천 시 유입된 빗물에 의한 미끄러짐,주의 표지판 설치,3
인천 1호선,[3293]가상역,2025.01.10,에스컬레이터 넘어짐,[1]인적요인,핸드레일 미지지로 인한 승객 전도,CCTV 확인 및 현장 조치,1
인천 1호선,[3031]가상역,2025.03.21,에스컬레이터 넘어짐,[1]인적요인,핸드레일 미지지로 인한 승객 전도,CCTV 확인 및 현장 조치,4
인천 1호선,[3176]가상역,2025.04.13,대합실 바닥 미끄러짐,[2]환경요인,우천 시 유입된 빗물에 의한 미끄러짐,주의 표지판 설치,2
인천 2호선,[3040]가상역,2025.02.03,대합실 바닥 미끄러짐,[2]환경요인,우천 시 유입된 빗물에 의한 미끄러짐,주의 표지판 설치,2
인천 2호선,[3161]가상역,2025.05.02,대합실 바닥 미끄러짐,[2]환경요인,우천 시 유입된 빗물에 의한 미끄러짐,주의 표지판 설치,3
인천 1호선,[3258]가상역,2025.02.05,에스컬레이터 넘어짐,[1]인적요인,핸드레일 미지지로 인한 승객 전도,CCTV 확인 및 현장 조치,1
인천 2호선,[3139]가상역,2025.02.20,에스컬레이터 넘어짐,[1]인적요인,핸드레일 미지지로 인한 승객 전도,CCTV 확인 및 현장 조치,5
인천 2호선,[3197]가상역,2025.10.06,에스컬레이터 넘어짐,[1]인적요인,핸드레일 미지지로 인한 승객 전도,CCTV 확인 및 현장 조치,5
인천 1호선,[3198]가상역,2025.01.18,역사 내 대형 화재,[2]환경요인,전기실 단락으로 인한 화재 발생,승객 대피 및 소방서 협조,2
인천 2호선,[3226]가상역,2025.09.24,대합실 바닥 미끄러짐,[2]환경요인,우천 시 유입된 빗물에 의한 미끄러짐,주의 표지판 설치,2
인천 1호선,[3169]가상역,2025.02.24,대합실 바닥 미끄러짐,[2]환경요인,우천 시 유입된 빗물에 의한 미끄러짐,주의 표지판 설치,1
인천 1호선,[3048]가상역,2025.09.09,대합실 바닥 미끄러짐,[2]환경요인,우천 시 유입된 빗물에 의한 미끄러짐,주의 표지판 설치,4
인천 2호선,[3083]가상역,2025.09.30,에스컬레이터 넘어짐,[1]인적요인,핸드레일 미지지로 인한 승객 전도,CCTV 확인 및 현장 조치,1
인천 1호선,[3248]가상역,2025.01.15,대합실 바닥 미끄러짐,[2]환경요인,우천 시 유입된 빗물에 의한 미끄러짐,주의 표지판 설치,3
인천 1호선,[3264]가상역,2025.07.08,에스컬레이터 넘어짐,[1]인적요인,핸드레일 미지지로 인한 승객 전도,CCTV 확인 및 현장 조치,3
인천 2호선,[3273]가상역,2025.12.30,에스컬레이터 넘어짐,[1]인적요인,핸드레일 미지지로 인한 승객 전도,CCTV 확인 및 현장 조치,5
인천 1호선,[3036]가상역,2025.12.15,대합실 바닥 미끄러짐,[2]환경요인,우천 시 유입된 빗물에 의한 미끄러짐,주의 표지판 설치,1
인천 1호선,[3229]가상역,2025.02.02,대합실 바닥 미끄러짐,[2]환경요인,우천 시 유입된 빗물에 의한 미끄러짐,주의 표지판 설치,5
인천 1호선,[3134]가상역,2025.11.07,에스컬레이터 넘어짐,[1]인적요인,핸드레일 미지지로 인한 승객 전도,CCTV 확인 및 현장 조치,3
인천 2호선,[3046]가상역,2025.04.14,에스컬레이터 넘어짐,[1]인적요인,핸드레일 미지지로 인한 승객 전도,CCTV 확인 및 현장 조치,3
인천 1호선,[3248]가상역,2025.03.22,에스컬레이터 넘어짐,[1]인적요인,핸드레일 미지지로 인한 승객 전도,CCTV 확인 및 현장 조치,2
인천 1호선,[3022]가상역,2025.10.20,승강장 안전문 끼임,[3]기술요인,PSD 오작동으로 승객 신체 일부 끼임,수동 개방 및 안전 확인,1
인천 1호선,[3083]가상역,2025.09.02,에스컬레이터 넘어짐,[1]인적요인,핸드레일 미지지로 인한 승객 전도,CCTV 확인 및 현장 조치,5
인천 2호선,[3142]가상역,2025.04.02,대합실 바닥 미끄러짐,[2]환경요인,우천 시 유입된 빗물에 의한 미끄러짐,주의 표지판 설치,5
인천 2호선,[3213]가상역,2025.08.22,대합실 바닥 미끄러짐,[2]환경요인,우천 시 유입된 빗물에 의한 미끄러짐,주의 표지판 설치,3
인천 1호선,[3133]가상역,2025.01.11,에스컬레이터 넘어짐,[1]인적요인,핸드레일 미지지로 인한 승객 전도,CCTV 확인 및 현장 조치,4
인천 2호선,[3218]가상역,2025.11.08,에스컬레이터 넘어짐,[1]인적요인,핸드레일 미지지로 인한 승객 전도,CCTV 확인 및 현장 조치,3
인천 1호선,[3099]가상역,2025.09.02,에스컬레이터 넘어짐,[1]인적요인,핸드레일 미지지로 인한 승객 전도,CCTV 확인 및 현장 조치,5
인천 1호선,[3215]가상역,2025.04.15,대합실 바닥 미끄러짐,[2]환경요인,우천 시 유입된 빗물에 의한 미끄러짐,주의 표지판 설치,5
인천 1호선,[3206]가상역,2025.01.25,대합실 바닥 미끄러짐,[2]환경요인,우천 시 유입된 빗물에 의한 미끄러짐,주의 표지판 설치,3
인천 1호선,[3012]가상역,2025.01.17,대합실 바닥 미끄러짐,[2]환경요인,우천 시 유입된 빗물에 의한 미끄러짐,주의 표지판 설치,4
인천 2호선,[3040]가상역,2025.02.07,대합실 바닥 미끄러짐,[2]환경요인,우천 시 유입된 빗물에 의한 미끄러짐,주의 표지판 설치,3
인천 1호선,[3084]가상역,2025.12.09,에스컬레이터 넘어짐,[1]인적요인,핸드레일 미지지로 인한 승객 전도,CCTV 확인 및 현장 조치,4
인천 2호선,[3238]가상역,2025.02.19,에스컬레이터 넘어짐,[1]인적요인,핸드레일 미지지로 인한 승객 전도,CCTV 확인 및 현장 조치,1
인천 2호선,[3109]가상역,2025.01.10,에스컬레이터 넘어짐,[1]인적요인,핸드레일 미지지로 인한 승객 전도,CCTV 확인 및 현장 조치,5
인천 2호선,[3059]가상역,2025.03.14,대합실 바닥 미끄러짐,[2]환경요인,우천 시 유입된 빗물에 의한 미끄러짐,주의 표지판 설치,1
인천 2호선,[3178]가상역,2025.01.22,에스컬레이터 넘어짐,[1]인적요인,핸드레일 미지지로 인한 승객 전도,CCTV 확인 및 현장 조치,1
인천 1호선,[3159]가상역,2025.08.28,승강장 안전문 끼임,[3]기술요인,PSD 오작동으로 승객 신체 일부 끼임,수동 개방 및 안전 확인,5
인천 2호선,[3165]가상역,2025.08.09,에스컬레이터 넘어짐,[1]인적요인,핸드레일 미지지로 인한 승객 전도,CCTV 확인 및 현장 조치,3
인천 2호선,[3116]가상역,2025.05.22,에스컬레이터 넘어짐,[1]인적요인,핸드레일 미지지로 인한 승객 전도,CCTV 확인 및 현장 조치,3
인천 2호선,[3084]가상역,2025.11.07,대합실 바닥 미끄러짐,[2]환경요인,우천 시 유입된 빗물에 의한 미끄러짐,주의 표지판 설치,5
인천 2호선,[3107]가상역,2025.06.15,에스컬레이터 넘어짐,[1]인적요인,핸드레일 미지지로 인한 승객 전도,CCTV 확인 및 현장 조치,1
인천 2호선,[3158]가상역,2025.12.26,대합실 바닥 미끄러짐,[2]환경요인,우천 시 유입된 빗물에 의한 미끄러짐,주의 표지판 설치,3
인천 1호선,[3083]가상역,2025.06.21,에스컬레이터 넘어짐,[1]인적요인,핸드레일 미지지로 인한 승객 전도,CCTV 확인 및 현장 조치,2
인천 2호선,[3096]가상역,2025.10.17,에스컬레이터 넘어짐,[1]인적요인,핸드레일 미지지로 인한 승객 전도,CCTV 확인 및 현장 조치,4
인천 1호선,[3019]가상역,2025.08.24,대합실 바닥 미끄러짐,[2]환경요인,우천 시 유입된 빗물에 의한 미끄러짐,주의 표지판 설치,4
인천 2호선,[3017]가상역,2025.06.29,에스컬레이터 넘어짐,[1]인적요인,핸드레일 미지지로 인한 승객 전도,CCTV 확인 및 현장 조치,1
인천 1호선,[3126]가상역,2025.05.07,에스컬레이터 넘어짐,[1]인적요인,핸드레일 미지지로 인한 승객 전도,CCTV 확인 및 현장 조치,1
인천 1호선,[3219]가상역,2025.10.29,대합실 바닥 미끄러짐,[2]환경요인,우천 시 유입된 빗물에 의한 미끄러짐,주의 표지판 설치,1
인천 2호선,[3212]가상역,2025.07.04,에스컬레이터 넘어짐,[1]인적요인,핸드레일 미지지로 인한 승객 전도,CCTV 확인 및 현장 조치,4
인천 2호선,[3280]가상역,2025.08.21,에스컬레이터 넘어짐,[1]인적요인,핸드레일 미지지로 인한 승객 전도,CCTV 확인 및 현장 조치,2
인천 2호선,[3140]가상역,2025.07.05,대합실 바닥 미끄러짐,[2]환경요인,우천 시 유입된 빗물에 의한 미끄러짐,주의 표지판 설치,4
인천 1호선,[3163]가상역,2025.10.17,대합실 바닥 미끄러짐,[2]환경요인,우천 시 유입된 빗물에 의한 미끄러짐,주의 표지판 설치,5
인천 1호선,[3171]가상역,2025.01.04,에스컬레이터 넘어짐,[1]인적요인,핸드레일 미지지로 인한 승객 전도,CCTV 확인 및 현장 조치,5
인천 1호선,[3164]가상역,2025.09.15,대합실 바닥 미끄러짐,[2]환경요인,우천 시 유입된 빗물에 의한 미끄러짐,주의 표지판 설치,1
인천 1호선,[3158]가상역,2025.11.23,대합실 바닥 미끄러짐,[2]환경요인,우천 시 유입된 빗물에 의한 미끄러짐,주의 표지판 설치,3
인천 1호선,[3075]가상역,2025.09.22,에스컬레이터 넘어짐,[1]인적요인,핸드레일 미지지로 인한 승객 전도,CCTV 확인 및 현장 조치,1
인천 2호선,[3026]가상역,2025.03.02,대합실 바닥 미끄러짐,[2]환경요인,우천 시 유입된 빗물에 의한 미끄러짐,주의 표지판 설치,4
인천 1호선,[3158]가상역,2025.07.25,에스컬레이터 넘어짐,[1]인적요인,핸드레일 미지지로 인한 승객 전도,CCTV 확인 및 현장 조치,5
인천 1호선,[3286]가상역,2025.07.12,에스컬레이터 넘어짐,[1]인적요인,핸드레일 미지지로 인한 승객 전도,CCTV 확인 및 현장 조치,3
인천 2호선,[3287]가상역,2025.05.08,대합실 바닥 미끄러짐,[2]환경요인,우천 시 유입된 빗물에 의한 미끄러짐,주의 표지판 설치,1
인천 2호선,[3231]가상역,2025.06.01,대합실 바닥 미끄러짐,[2]환경요인,우천 시 유입된 빗물에 의한 미끄러짐,주의 표지판 설치,5
인천 1호선,[3026]가상역,2025.07.17,에스컬레이터 넘어짐,[1]인적요인,핸드레일 미지지로 인한 승객 전도,CCTV 확인 및 현장 조치,3
인천 2호선,[3170]가상역,2025.01.18,대합실 바닥 미끄러짐,[2]환경요인,우천 시 유입된 빗물에 의한 미끄러짐,주의 표지판 설치,3
인천 1호선,[3027]가상역,2025.05.23,에스컬레이터 넘어짐,[1]인적요인,핸드레일 미지지로 인한 승객 전도,CCTV 확인 및 현장 조치,3
인천 2호선,[3018]가상역,2025.04.04,대합실 바닥 미끄러짐,[2]환경요인,우천 시 유입된 빗물에 의한 미끄러짐,주의 표지판 설치,4
인천 1호선,[3133]가상역,2025.05.28,에스컬레이터 넘어짐,[1]인적요인,핸드레일 미지지로 인한 승객 전도,CCTV 확인 및 현장 조치,1
인천 2호선,[3259]가상역,2025.10.20,에스컬레이터 넘어짐,[1]인적요인,핸드레일 미지지로 인한 승객 전도,CCTV 확인 및 현장 조치,3
인천 2호선,[3215]가상역,2025.07.15,대합실 바닥 미끄러짐,[2]환경요인,우천 시 유입된 빗물에 의한 미끄러짐,주의 표지판 설치,5
인천 2호선,[3043]가상역,2025.07.27,대합실 바닥 미끄러짐,[2]환경요인,우천 시 유입된 빗물에 의한 미끄러짐,주의 표지판 설치,1
인천 2호선,[3059]가상역,2025.04.15,대합실 바닥 미끄러짐,[2]환경요인,우천 시 유입된 빗물에 의한 미끄러짐,주의 표지판 설치,3
인천 1호선,[3237]가상역,2025.05.31,에스컬레이터 넘어짐,[1]인적요인,핸드레일 미지지로 인한 승객 전도,CCTV 확인 및 현장 조치,1
인천 2호선,[3295]가상역,2025.03.08,에스컬레이터 넘어짐,[1]인적요인,핸드레일 미지지로 인한 승객 전도,CCTV 확인 및 현장 조치,5
인천 2호선,[3252]가상역,2025.11.17,승강장 안전문 끼임,[3]기술요인,PSD 오작동으로 승객 신체 일부 끼임,수동 개방 및 안전 확인,4
인천 1호선,[3063]가상역,2025.12.06,에스컬레이터 넘어짐,[1]인적요인,핸드레일 미지지로 인한 승객 전도,CCTV 확인 및 현장 조치,1
인천 1호선,[3112]가상역,2025.07.15,에스컬레이터 넘어짐,[1]인적요인,핸드레일 미지지로 인한 승객 전도,CCTV 확인 및 현장 조치,4
인천 1호선,[3018]가상역,2025.06.28,에스컬레이터 넘어짐,[1]인적요인,핸드레일 미지지로 인한 승객 전도,CCTV 확인 및 현장 조치,4
인천 2호선,[3053]가상역,2025.10.10,에스컬레이터 넘어짐,[1]인적요인,핸드레일 미지지로 인한 승객 전도,CCTV 확인 및 현장 조치,4
인천 1호선,[3174]가상역,2025.02.25,승강장 안전문 끼임,[3]기술요인,PSD 오작동으로 승객 신체 일부 끼임,수동 개방 및 안전 확인,4
인천 1호선,[3171]가상역,2025.08.31,에스컬레이터 넘어짐,[1]인적요인,핸드레일 미지지로 인한 승객 전도,CCTV 확인 및 현장 조치,3
인천 2호선,[3053]가상역,2025.09.12,대합실 바닥 미끄러짐,[2]환경요인,우천 시 유입된 빗물에 의한 미끄러짐,주의 표지판 설치,2
인천 2호선,[3183]가상역,2025.08.18,대합실 바닥 미끄러짐,[2]환경요인,우천 시 유입된 빗물에 의한 미끄러짐,주의 표지판 설치,5
인천 2호선,[3091]가상역,2025.09.29,에스컬레이터 넘어짐,[1]인적요인,핸드레일 미지지로 인한 승객 전도,CCTV 확인 및 현장 조치,2
인천 2호선,[3138]가상역,2025.10.29,에스컬레이터 넘어짐,[1]인적요인,핸드레일 미지지로 인한 승객 전도,CCTV 확인 및 현장 조치,2
인천 2호선,[3222]가상역,2025.03.10,대합실 바닥 미끄러짐,[2]환경요인,우천 시 유입된 빗물에 의한 미끄러짐,주의 표지판 설치,2
인천 2호선,[3116]가상역,2025.10.29,승강장 안전문 끼임,[3]기술요인,PSD 오작동으로 승객 신체 일부 끼임,수동 개방 및 안전 확인,5
인천 1호선,[3093]가상역,2025.01.15,승강장 안전문 끼임,[3]기술요인,PSD 오작동으로 승객 신체 일부 끼임,수동 개방 및 안전 확인,2
인천 2호선,[3165]가상역,2025.09.16,에스컬레이터 넘어짐,[1]인적요인,핸드레일 미지지로 인한 승객 전도,CCTV 확인 및 현장 조치,1
인천 1호선,[3169]가상역,2025.04.14,에스컬레이터 넘어짐,[1]인적요인,핸드레일 미지지로 인한 승객 전도,CCTV 확인 및 현장 조치,3
인천 2호선,[3106]가상역,2025.05.16,에스컬레이터 넘어짐,[1]인적요인,핸드레일 미지지로 인한 승객 전도,CCTV 확인 및 현장 조치,4
인천 2호선,[3001]가상역,2025.11.02,승강장 안전문 끼임,[3]기술요인,PSD 오작동으로 승객 신체 일부 끼임,수동 개방 및 안전 확인,3
인천 2호선,[3022]가상역,2025.12.04,대합실 바닥 미끄러짐,[2]환경요인,우천 시 유입된 빗물에 의한 미끄러짐,주의 표지판 설치,3
인천 2호선,[3007]가상역,2025.04.18,승강장 안전문 끼임,[3]기술요인,PSD 오작동으로 승객 신체 일부 끼임,수동 개방 및 안전 확인,1
인천 1호선,[3246]가상역,2025.08.23,에스컬레이터 넘어짐,[1]인적요인,핸드레일 미지지로 인한 승객 전도,CCTV 확인 및 현장 조치,2
인천 1호선,[3170]가상역,2025.06.15,대합실 바닥 미끄러짐,[2]환경요인,우천 시 유입된 빗물에 의한 미끄러짐,주의 표지판 설치,2
인천 2호선,[3016]가상역,2025.08.02,에스컬레이터 넘어짐,[1]인적요인,핸드레일 미지지로 인한 승객 전도,CCTV 확인 및 현장 조치,1
인천 2호선,[3260]가상역,2025.06.13,대합실 바닥 미끄러짐,[2]환경요인,우천 시 유입된 빗물에 의한 미끄러짐,주의 표지판 설치,3
인천 1호선,[3049]가상역,2025.04.30,에스컬레이터 넘어짐,[1]인적요인,핸드레일 미지지로 인한 승객 전도,CCTV 확인 및 현장 조치,5
인천 1호선,[3298]가상역,2025.11.29,대합실 바닥 미끄러짐,[2]환경요인,우천 시 유입된 빗물에 의한 미끄러짐,주의 표지판 설치,1
인천 1호선,[3167]가상역,2025.07.27,에스컬레이터 넘어짐,[1]인적요인,핸드레일 미지지로 인한 승객 전도,CCTV 확인 및 현장 조치,1
인천 2호선,[3042]가상역,2025.03.28,에스컬레이터 넘어짐,[1]인적요인,핸드레일 미지지로 인한 승객 전도,CCTV 확인 및 현장 조치,5
인천 2호선,[3116]가상역,2025.11.22,대합실 바닥 미끄러짐,[2]환경요인,우천 시 유입된 빗물에 의한 미끄러짐,주의 표지판 설치,1
인천 1호선,[3268]가상역,2025.06.20,에스컬레이터 넘어짐,[1]인적요인,핸드레일 미지지로 인한 승객 전도,CCTV 확인 및 현장 조치,5
인천 1호선,[3249]가상역,2025.04.22,에스컬레이터 넘어짐,[1]인적요인,핸드레일 미지지로 인한 승객 전도,CCTV 확인 및 현장 조치,5
인천 2호선,[3092]가상역,2025.10.31,대합실 바닥 미끄러짐,[2]환경요인,우천 시 유입된 빗물에 의한 미끄러짐,주의 표지판 설치,2
인천 1호선,[3284]가상역,2025.11.28,에스컬레이터 넘어짐,[1]인적요인,핸드레일 미지지로 인한 승객 전도,CCTV 확인 및 현장 조치,3
인천 1호선,[3086]가상역,2025.09.04,에스컬레이터 넘어짐,[1]인적요인,핸드레일 미지지로 인한 승객 전도,CCTV 확인 및 현장 조치,4
인천 1호선,[3279]가상역,2025.03.12,에스컬레이터 넘어짐,[1]인적요인,핸드레일 미지지로 인한 승객 전도,CCTV 확인 및 현장 조치,3
인천 2호선,[3105]가상역,2025.02.24,대합실 바닥 미끄러짐,[2]환경요인,우천 시 유입된 빗물에 의한 미끄러짐,주의 표지판 설치,1
인천 1호선,[3032]가상역,2025.01.18,에스컬레이터 넘어짐,[1]인적요인,핸드레일 미지지로 인한 승객 전도,CCTV 확인 및 현장 조치,1
인천 2호선,[3289]가상역,2025.05.18,대합실 바닥 미끄러짐,[2]환경요인,우천 시 유입된 빗물에 의한 미끄러짐,주의 표지판 설치,5
인천 2호선,[3231]가상역,2025.09.20,대합실 바닥 미끄러짐,[2]환경요인,우천 시 유입된 빗물에 의한 미끄러짐,주의 표지판 설치,1
인천 2호선,[3060]가상역,2025.08.07,에스컬레이터 넘어짐,[1]인적요인,핸드레일 미지지로 인한 승객 전도,CCTV 확인 및 현장 조치,4
인천 2호선,[3181]가상역,2025.01.02,에스컬레이터 넘어짐,[1]인적요인,핸드레일 미지지로 인한 승객 전도,CCTV 확인 및 현장 조치,2
인천 1호선,[3119]가상역,2025.02.15,에스컬레이터 넘어짐,[1]인적요인,핸드레일 미지지로 인한 승객 전도,CCTV 확인 및 현장 조치,1
인천 1호선,[3273]가상역,2025.02.28,대합실 바닥 미끄러짐,[2]환경요인,우천 시 유입된 빗물에 의한 미끄러짐,주의 표지판 설치,4
인천 2호선,[3104]가상역,2025.05.08,대합실 바닥 미끄러짐,[2]환경요인,우천 시 유입된 빗물에 의한 미끄러짐,주의 표지판 설치,4
인천 2호선,[3271]가상역,2025.04.29,승강장 안전문 끼임,[3]기술요인,PSD 오작동으로 승객 신체 일부 끼임,수동 개방 및 안전 확인,2
인천 2호선,[3154]가상역,2025.05.26,에스컬레이터 넘어짐,[1]인적요인,핸드레일 미지지로 인한 승객 전도,CCTV 확인 및 현장 조치,1
인천 2호선,[3213]가상역,2025.02.27,에스컬레이터 넘어짐,[1]인적요인,핸드레일 미지지로 인한 승객 전도,CCTV 확인 및 현장 조치,5
인천 2호선,[3066]가상역,2025.12.09,에스컬레이터 넘어짐,[1]인적요인,핸드레일 미지지로 인한 승객 전도,CCTV 확인 및 현장 조치,2
인천 2호선,[3125]가상역,2025.01.25,에스컬레이터 넘어짐,[1]인적요인,핸드레일 미지지로 인한 승객 전도,CCTV 확인 및 현장 조치,4
인천 2호선,[3291]가상역,2025.10.16,에스컬레이터 넘어짐,[1]인적요인,핸드레일 미지지로 인한 승객 전도,CCTV 확인 및 현장 조치,3
인천 2호선,[3210]가상역,2025.06.04,에스컬레이터 넘어짐,[1]인적요인,핸드레일 미지지로 인한 승객 전도,CCTV 확인 및 현장 조치,5
인천 1호선,[3116]가상역,2025.09.11,에스컬레이터 넘어짐,[1]인적요인,핸드레일 미지지로 인한 승객 전도,CCTV 확인 및 현장 조치,1
인천 1호선,[3142]가상역,2025.07.18,대합실 바닥 미끄러짐,[2]환경요인,우천 시 유입된 빗물에 의한 미끄러짐,주의 표지판 설치,1
인천 1호선,[3169]가상역,2025.05.02,에스컬레이터 넘어짐,[1]인적요인,핸드레일 미지지로 인한 승객 전도,CCTV 확인 및 현장 조치,4
인천 2호선,[3141]가상역,2025.05.04,대합실 바닥 미끄러짐,[2]환경요인,우천 시 유입된 빗물에 의한 미끄러짐,주의 표지판 설치,5
인천 1호선,[3279]가상역,2025.12.12,에스컬레이터 넘어짐,[1]인적요인,핸드레일 미지지로 인한 승객 전도,CCTV 확인 및 현장 조치,2
인천 2호선,[3053]가상역,2025.12.06,에스컬레이터 넘어짐,[1]인적요인,핸드레일 미지지로 인한 승객 전도,CCTV 확인 및 현장 조치,2
인천 2호선,[3152]가상역,2025.01.26,역사 내 대형 화재,[2]환경요인,전기실 단락으로 인한 화재 발생,승객 대피 및 소방서 협조,5
인천 1호선,[3256]가상역,2025.08.20,대합실 바닥 미끄러짐,[2]환경요인,우천 시 유입된 빗물에 의한 미끄러짐,주의 표지판 설치,4
인천 2호선,[3055]가상역,2025.05.25,에스컬레이터 넘어짐,[1]인적요인,핸드레일 미지지로 인한 승객 전도,CCTV 확인 및 현장 조치,5
인천 2호선,[3199]가상역,2025.06.01,대합실 바닥 미끄러짐,[2]환경요인,우천 시 유입된 빗물에 의한 미끄러짐,주의 표지판 설치,2
인천 2호선,[3282]가상역,2025.04.28,대합실 바닥 미끄러짐,[2]환경요인,우천 시 유입된 빗물에 의한 미끄러짐,주의 표지판 설치,4
인천 1호선,[3183]가상역,2025.10.12,에스컬레이터 넘어짐,[1]인적요인,핸드레일 미지지로 인한 승객 전도,CCTV 확인 및 현장 조치,2
인천 2호선,[3021]가상역,2025.12.15,에스컬레이터 넘어짐,[1]인적요인,핸드레일 미지지로 인한 승객 전도,CCTV 확인 및 현장 조치,4
인천 1호선,[3092]가상역,2025.12.13,대합실 바닥 미끄러짐,[2]환경요인,우천 시 유입된 빗물에 의한 미끄러짐,주의 표지판 설치,1
인천 2호선,[3233]가상역,2025.05.31,대합실 바닥 미끄러짐,[2]환경요인,우천 시 유입된 빗물에 의한 미끄러짐,주의 표지판 설치,5
인천 1호선,[3177]가상역,2025.04.01,에스컬레이터 넘어짐,[1]인적요인,핸드레일 미지지로 인한 승객 전도,CCTV 확인 및 현장 조치,4
인천 1호선,[3232]가상역,2025.10.16,대합실 바닥 미끄러짐,[2]환경요인,우천 시 유입된 빗물에 의한 미끄러짐,주의 표지판 설치,3
인천 1호선,[3280]가상역,2025.08.03,에스컬레이터 넘어짐,[1]인적요인,핸드레일 미지지로 인한 승객 전도,CCTV 확인 및 현장 조치,5
인천 2호선,[3215]가상역,2025.10.22,대합실 바닥 미끄러짐,[2]환경요인,우천 시 유입된 빗물에 의한 미끄러짐,주의 표지판 설치,2
인천 1호선,[3272]가상역,2025.10.31,대합실 바닥 미끄러짐,[2]환경요인,우천 시 유입된 빗물에 의한 미끄러짐,주의 표지판 설치,2
인천 2호선,[3251]가상역,2025.11.11,에스컬레이터 넘어짐,[1]인적요인,핸드레일 미지지로 인한 승객 전도,CCTV 확인 및 현장 조치,2
인천 1호선,[3253]가상역,2025.04.13,대합실 바닥 미끄러짐,[2]환경요인,우천 시 유입된 빗물에 의한 미끄러짐,주의 표지판 설치,4
인천 1호선,[3002]가상역,2025.04.07,대합실 바닥 미끄러짐,[2]환경요인,우천 시 유입된 빗물에 의한 미끄러짐,주의 표지판 설치,2
인천 1호선,[3187]가상역,2025.02.24,에스컬레이터 넘어짐,[1]인적요인,핸드레일 미지지로 인한 승객 전도,CCTV 확인 및 현장 조치,5
인천 1호선,[3020]가상역,2025.04.03,대합실 바닥 미끄러짐,[2]환경요인,우천 시 유입된 빗물에 의한 미끄러짐,주의 표지판 설치,2
인천 1호선,[3248]가상역,2025.08.23,에스컬레이터 넘어짐,[1]인적요인,핸드레일 미지지로 인한 승객 전도,CCTV 확인 및 현장 조치,3
